// Road Classifier v13 INT8, 16288 bytes
// 64-point FFT, temporal voting k=9 recommended
// In 'serving_default_ts_input:0': [np.int32(1), np.int32(50), np.int32(6)] s=0.189672 z=-6
// In 'serving_default_stat_input:0': [np.int32(1), np.int32(50)] s=0.057328 z=-53
// Out 'StatefulPartitionedCall_1:0': [np.int32(1), np.int32(2)] s=0.003906 z=-128
#pragma once
#include <stdint.h>

#define FFT_N 64
#define FFT_HF_SPLIT 16
#define VOTE_WINDOW 9

alignas(8) const unsigned char g_model_data[] = {
  0x1c, 0x00, 0x00, 0x00, 0x54, 0x46, 0x4c, 0x33, 0x14, 0x00, 0x20, 0x00,
  0x1c, 0x00, 0x18, 0x00, 0x14, 0x00, 0x10, 0x00, 0x0c, 0x00, 0x00, 0x00,
  0x08, 0x00, 0x04, 0x00, 0x14, 0x00, 0x00, 0x00, 0x1c, 0x00, 0x00, 0x00,
  0xa8, 0x00, 0x00, 0x00, 0x00, 0x01, 0x00, 0x00, 0x30, 0x1a, 0x00, 0x00,
  0x40, 0x1a, 0x00, 0x00, 0xb8, 0x3e, 0x00, 0x00, 0x03, 0x00, 0x00, 0x00,
  0x01, 0x00, 0x00, 0x00, 0x04, 0x00, 0x00, 0x00, 0x0a, 0xe3, 0xff, 0xff,
  0x0c, 0x00, 0x00, 0x00, 0x1c, 0x00, 0x00, 0x00, 0x3c, 0x00, 0x00, 0x00,
  0x0f, 0x00, 0x00, 0x00, 0x73, 0x65, 0x72, 0x76, 0x69, 0x6e, 0x67, 0x5f,
  0x64, 0x65, 0x66, 0x61, 0x75, 0x6c, 0x74, 0x00, 0x01, 0x00, 0x00, 0x00,
  0x04, 0x00, 0x00, 0x00, 0x74, 0xff, 0xff, 0xff, 0x21, 0x00, 0x00, 0x00,
  0x04, 0x00, 0x00, 0x00, 0x08, 0x00, 0x00, 0x00, 0x6f, 0x75, 0x74, 0x70,
  0x75, 0x74, 0x5f, 0x30, 0x00, 0x00, 0x00, 0x00, 0x02, 0x00, 0x00, 0x00,
  0x20, 0x00, 0x00, 0x00, 0x04, 0x00, 0x00, 0x00, 0xfa, 0xe4, 0xff, 0xff,
  0x04, 0x00, 0x00, 0x00, 0x08, 0x00, 0x00, 0x00, 0x74, 0x73, 0x5f, 0x69,
  0x6e, 0x70, 0x75, 0x74, 0x00, 0x00, 0x00, 0x00, 0xb4, 0xff, 0xff, 0xff,
  0x01, 0x00, 0x00, 0x00, 0x04, 0x00, 0x00, 0x00, 0x0a, 0x00, 0x00, 0x00,
  0x73, 0x74, 0x61, 0x74, 0x5f, 0x69, 0x6e, 0x70, 0x75, 0x74, 0x00, 0x00,
  0x02, 0x00, 0x00, 0x00, 0x34, 0x00, 0x00, 0x00, 0x04, 0x00, 0x00, 0x00,
  0xdc, 0xff, 0xff, 0xff, 0x24, 0x00, 0x00, 0x00, 0x04, 0x00, 0x00, 0x00,
  0x13, 0x00, 0x00, 0x00, 0x43, 0x4f, 0x4e, 0x56, 0x45, 0x52, 0x53, 0x49,
  0x4f, 0x4e, 0x5f, 0x4d, 0x45, 0x54, 0x41, 0x44, 0x41, 0x54, 0x41, 0x00,
  0x08, 0x00, 0x0c, 0x00, 0x08, 0x00, 0x04, 0x00, 0x08, 0x00, 0x00, 0x00,
  0x23, 0x00, 0x00, 0x00, 0x04, 0x00, 0x00, 0x00, 0x13, 0x00, 0x00, 0x00,
  0x6d, 0x69, 0x6e, 0x5f, 0x72, 0x75, 0x6e, 0x74, 0x69, 0x6d, 0x65, 0x5f,
  0x76, 0x65, 0x72, 0x73, 0x69, 0x6f, 0x6e, 0x00, 0x25, 0x00, 0x00, 0x00,
  0x2c, 0x19, 0x00, 0x00, 0x24, 0x19, 0x00, 0x00, 0x1c, 0x19, 0x00, 0x00,
  0x08, 0x19, 0x00, 0x00, 0xec, 0x18, 0x00, 0x00, 0xd8, 0x18, 0x00, 0x00,
  0xbc, 0x18, 0x00, 0x00, 0xa4, 0x18, 0x00, 0x00, 0x64, 0x18, 0x00, 0x00,
  0xf4, 0x17, 0x00, 0x00, 0x24, 0x14, 0x00, 0x00, 0xf4, 0x13, 0x00, 0x00,
  0x24, 0x13, 0x00, 0x00, 0xf4, 0x12, 0x00, 0x00, 0xf4, 0x11, 0x00, 0x00,
  0x64, 0x11, 0x00, 0x00, 0x54, 0x0b, 0x00, 0x00, 0x84, 0x0a, 0x00, 0x00,
  0x14, 0x01, 0x00, 0x00, 0x0c, 0x01, 0x00, 0x00, 0x04, 0x01, 0x00, 0x00,
  0xfc, 0x00, 0x00, 0x00, 0xf4, 0x00, 0x00, 0x00, 0xec, 0x00, 0x00, 0x00,
  0xe4, 0x00, 0x00, 0x00, 0xdc, 0x00, 0x00, 0x00, 0xd4, 0x00, 0x00, 0x00,
  0xcc, 0x00, 0x00, 0x00, 0xc4, 0x00, 0x00, 0x00, 0xbc, 0x00, 0x00, 0x00,
  0xb4, 0x00, 0x00, 0x00, 0xac, 0x00, 0x00, 0x00, 0xa4, 0x00, 0x00, 0x00,
  0x9c, 0x00, 0x00, 0x00, 0x94, 0x00, 0x00, 0x00, 0x74, 0x00, 0x00, 0x00,
  0x04, 0x00, 0x00, 0x00, 0x22, 0xe6, 0xff, 0xff, 0x04, 0x00, 0x00, 0x00,
  0x60, 0x00, 0x00, 0x00, 0x0c, 0x00, 0x00, 0x00, 0x08, 0x00, 0x0e, 0x00,
  0x08, 0x00, 0x04, 0x00, 0x08, 0x00, 0x00, 0x00, 0x10, 0x00, 0x00, 0x00,
  0x28, 0x00, 0x00, 0x00, 0x00, 0x00, 0x06, 0x00, 0x08, 0x00, 0x04, 0x00,
  0x06, 0x00, 0x00, 0x00, 0x04, 0x00, 0x00, 0x00, 0x01, 0x00, 0x00, 0x00,
  0xeb, 0x03, 0x00, 0x00, 0x0c, 0x00, 0x18, 0x00, 0x14, 0x00, 0x10, 0x00,
  0x0c, 0x00, 0x04, 0x00, 0x0c, 0x00, 0x00, 0x00, 0x44, 0x78, 0xfe, 0xbd,
  0xfc, 0xee, 0x2b, 0x24, 0x02, 0x00, 0x00, 0x00, 0x02, 0x00, 0x00, 0x00,
  0x04, 0x00, 0x00, 0x00, 0x06, 0x00, 0x00, 0x00, 0x32, 0x2e, 0x32, 0x31,
  0x2e, 0x30, 0x00, 0x00, 0x8e, 0xe6, 0xff, 0xff, 0x04, 0x00, 0x00, 0x00,
  0x10, 0x00, 0x00, 0x00, 0x31, 0x2e, 0x31, 0x34, 0x2e, 0x30, 0x00, 0x00,
  0x00, 0x00, 0x00, 0x00, 0x00, 0x00, 0x00, 0x00, 0xa4, 0xc4, 0xff, 0xff,
  0xa8, 0xc4, 0xff, 0xff, 0xac, 0xc4, 0xff, 0xff, 0xb0, 0xc4, 0xff, 0xff,
  0xb4, 0xc4, 0xff, 0xff, 0xb8, 0xc4, 0xff, 0xff, 0xbc, 0xc4, 0xff, 0xff,
  0xc0, 0xc4, 0xff, 0xff, 0xc4, 0xc4, 0xff, 0xff, 0xc8, 0xc4, 0xff, 0xff,
  0xcc, 0xc4, 0xff, 0xff, 0xd0, 0xc4, 0xff, 0xff, 0xd4, 0xc4, 0xff, 0xff,
  0xd8, 0xc4, 0xff, 0xff, 0xdc, 0xc4, 0xff, 0xff, 0xe0, 0xc4, 0xff, 0xff,
  0xea, 0xe6, 0xff, 0xff, 0x04, 0x00, 0x00, 0x00, 0x60, 0x09, 0x00, 0x00,
  0x4c, 0x36, 0x8c, 0xcf, 0xb4, 0xfb, 0x58, 0xc9, 0xea, 0x68, 0x43, 0xf2,
  0xcb, 0x18, 0x26, 0x08, 0x41, 0x03, 0x22, 0xb0, 0xfd, 0x4d, 0x6e, 0x12,
  0x13, 0x0b, 0xea, 0x1f, 0xd8, 0xee, 0xa2, 0x54, 0xc2, 0x35, 0x18, 0x59,
  0xcc, 0x6f, 0xeb, 0x36, 0xac, 0x5e, 0x36, 0x39, 0x4a, 0x7f, 0x17, 0xac,
  0x05, 0x20, 0xf1, 0x3c, 0x31, 0x4d, 0xca, 0x33, 0xeb, 0x9d, 0x37, 0x0d,
  0x2c, 0x82, 0xc6, 0x93, 0x9d, 0xc1, 0x12, 0xfb, 0xfc, 0xc4, 0x65, 0xe6,
  0xad, 0x2b, 0x4b, 0xb7, 0x24, 0x9c, 0x39, 0xfd, 0x39, 0x4e, 0x5b, 0x1f,
  0x15, 0xfa, 0x9e, 0x81, 0xd6, 0xf9, 0x4c, 0x51, 0x0d, 0x49, 0xfb, 0xbc,
  0xc2, 0xef, 0xb1, 0x4c, 0xf4, 0xa2, 0x77, 0x27, 0x66, 0x09, 0xe7, 0xb4,
  0x34, 0x0c, 0x1a, 0xef, 0x34, 0x03, 0xc6, 0x78, 0xb7, 0x2a, 0x1f, 0x7f,
  0x95, 0x69, 0x3c, 0xba, 0x36, 0xd0, 0xfd, 0x1d, 0xcd, 0xf1, 0x39, 0xd4,
  0x34, 0xe0, 0x1a, 0x3d, 0xc1, 0xaa, 0xb6, 0xe9, 0x45, 0xaa, 0x3a, 0x19,
  0xf6, 0xc2, 0x9c, 0x45, 0xfb, 0x75, 0xaf, 0xe1, 0xd4, 0x30, 0xa0, 0xed,
  0x27, 0xdc, 0x73, 0x42, 0xd1, 0x7f, 0xff, 0x45, 0x2d, 0x4e, 0x67, 0x15,
  0xc0, 0xde, 0xf0, 0xf8, 0x87, 0x2a, 0x98, 0x3f, 0xce, 0x27, 0xb7, 0xfa,
  0xbd, 0x7d, 0xa3, 0xe1, 0xaa, 0xe2, 0x0d, 0xb8, 0xdd, 0x57, 0x0b, 0xe4,
  0x25, 0x51, 0xb5, 0x61, 0xc6, 0x4c, 0xec, 0xec, 0xe4, 0xc7, 0x4b, 0xec,
  0x0f, 0x57, 0x1f, 0xc3, 0xf3, 0x58, 0xd1, 0xcb, 0xce, 0xd4, 0x0e, 0xc1,
  0x68, 0x95, 0x28, 0xc0, 0x5a, 0x10, 0xf5, 0x95, 0xe5, 0x21, 0x6f, 0xd4,
  0xe9, 0xcb, 0x98, 0x21, 0x65, 0xfc, 0x53, 0xa9, 0x81, 0x94, 0x91, 0x32,
  0x90, 0xb0, 0xd7, 0xbd, 0xfe, 0x35, 0xe0, 0xd5, 0x60, 0xba, 0x5e, 0x19,
  0x81, 0x38, 0xf2, 0xec, 0xb3, 0x8b, 0x90, 0x56, 0x59, 0x5e, 0xd7, 0x9a,
  0x8c, 0x09, 0x24, 0x46, 0x3c, 0xe7, 0x12, 0xea, 0x6b, 0x1f, 0xc9, 0xa6,
  0x5f, 0x54, 0xb0, 0xd5, 0x00, 0xf7, 0x45, 0xbe, 0x44, 0x9b, 0x6c, 0x6c,
  0xe1, 0xb9, 0xa2, 0xeb, 0x18, 0xb7, 0x98, 0xc3, 0x0d, 0xd3, 0x03, 0x43,
  0xa8, 0xce, 0xf3, 0x31, 0xb6, 0x24, 0x93, 0x44, 0x9c, 0xb3, 0x0e, 0x33,
  0x0b, 0x4f, 0xde, 0x9c, 0x5f, 0x11, 0x2a, 0xec, 0x98, 0x0f, 0x7f, 0xe3,
  0xa1, 0xef, 0x28, 0xcd, 0xbe, 0x0f, 0x56, 0x5b, 0x67, 0x18, 0xea, 0x0b,
  0x1e, 0x56, 0xca, 0xa8, 0xc2, 0x3c, 0x1e, 0xab, 0xfa, 0x05, 0x46, 0xfa,
  0x0b, 0xce, 0xe6, 0xc8, 0xcd, 0xef, 0x3d, 0x2e, 0x26, 0xcc, 0xe4, 0xe9,
  0x53, 0xe7, 0xce, 0xe8, 0x26, 0xf0, 0x00, 0x38, 0xdc, 0xac, 0x98, 0x11,
  0x4d, 0xa9, 0x86, 0xc5, 0x3c, 0x45, 0x97, 0xaf, 0x49, 0x7f, 0x09, 0x6e,
  0x1d, 0x3a, 0xf1, 0x79, 0x66, 0x14, 0x45, 0xba, 0x1d, 0x52, 0xd3, 0xb2,
  0xc4, 0x0f, 0x4e, 0xe7, 0xaa, 0x61, 0x4b, 0xf8, 0x20, 0x2a, 0x62, 0xe9,
  0xf5, 0xb6, 0x17, 0x21, 0x57, 0x50, 0x62, 0xbe, 0xac, 0x92, 0xcc, 0x14,
  0xb0, 0xdc, 0xda, 0x86, 0xd5, 0xf2, 0xf1, 0xd8, 0xcf, 0x30, 0x81, 0x00,
  0x94, 0x53, 0xc0, 0xe5, 0x59, 0xbb, 0x4c, 0x8a, 0x9e, 0x03, 0xce, 0xac,
  0xda, 0x32, 0x02, 0x56, 0xc0, 0x11, 0x99, 0x91, 0xf9, 0x03, 0xf3, 0x2c,
  0x30, 0x81, 0x7c, 0x8b, 0x61, 0x7c, 0x4c, 0xe9, 0xcb, 0xf5, 0xfc, 0x2e,
  0x04, 0xc8, 0x27, 0xd1, 0x1b, 0x0c, 0xbb, 0xa1, 0xfb, 0x5e, 0xad, 0xab,
  0xef, 0x28, 0x02, 0x50, 0x09, 0x59, 0x0b, 0xe5, 0x7c, 0x60, 0xf2, 0x70,
  0xfe, 0xea, 0x98, 0x93, 0xc4, 0x2a, 0x87, 0x7b, 0xe0, 0x5c, 0xb3, 0xd9,
  0xd0, 0x67, 0xab, 0x27, 0xc4, 0x22, 0xc3, 0x69, 0x30, 0x24, 0x14, 0x51,
  0xb0, 0x50, 0x5a, 0xe2, 0x91, 0x7f, 0xa1, 0x32, 0xb2, 0x3d, 0x9d, 0x2f,
  0x07, 0xa9, 0xc2, 0xd5, 0xb1, 0x29, 0x30, 0x14, 0x11, 0x34, 0x0d, 0x53,
  0xe2, 0x54, 0xa3, 0x27, 0x20, 0x07, 0xee, 0x00, 0xeb, 0xd8, 0x27, 0x2e,
  0x02, 0xf6, 0x51, 0x5d, 0x56, 0xb4, 0xb8, 0x46, 0xdb, 0xb5, 0xf8, 0x52,
  0x70, 0x70, 0xca, 0x31, 0x92, 0x18, 0x5b, 0x59, 0x3a, 0x97, 0x72, 0xba,
  0xfb, 0x78, 0xdb, 0xb4, 0xb8, 0x59, 0xae, 0x64, 0x59, 0xbb, 0x48, 0x22,
  0xf2, 0x7f, 0xc1, 0x9d, 0x0a, 0xdc, 0x51, 0xd8, 0x8f, 0x29, 0x35, 0x09,
  0xc4, 0x60, 0xcd, 0x97, 0x81, 0xbe, 0x62, 0x3c, 0xd2, 0xfe, 0x16, 0x5a,
  0x3d, 0xe7, 0x46, 0xc7, 0x32, 0xf6, 0xea, 0xb0, 0xd2, 0x29, 0xd6, 0x24,
  0x10, 0x41, 0xc0, 0xf7, 0x18, 0x8f, 0x08, 0x61, 0xbb, 0x9e, 0x22, 0xff,
  0x11, 0x9f, 0x42, 0x51, 0x0e, 0x52, 0x4c, 0x20, 0x56, 0xaf, 0x57, 0x70,
  0x34, 0xf1, 0x77, 0xf4, 0xdb, 0x24, 0x26, 0x86, 0xe4, 0x63, 0xaf, 0xe6,
  0x96, 0x68, 0x14, 0x60, 0xbe, 0x15, 0xcd, 0x5c, 0x37, 0x2e, 0x9c, 0xc4,
  0xc1, 0x81, 0x9e, 0x61, 0xf4, 0x06, 0xcd, 0x14, 0xaa, 0x55, 0x01, 0xb0,
  0xf0, 0x3a, 0x90, 0x72, 0x09, 0xf4, 0x74, 0xdc, 0x5f, 0x61, 0x8c, 0xc5,
  0x44, 0x2b, 0x29, 0x1b, 0x1a, 0xff, 0xc9, 0xd0, 0x09, 0xa4, 0x3f, 0xf1,
  0x23, 0x13, 0x9d, 0x09, 0xa9, 0x7f, 0x6d, 0x10, 0xb2, 0xe3, 0x19, 0xf0,
  0xda, 0xc2, 0x6e, 0xaa, 0xd2, 0xf5, 0x78, 0xfc, 0x78, 0x46, 0x44, 0xc4,
  0xcb, 0x44, 0x88, 0xb0, 0xec, 0x1e, 0x70, 0x95, 0x30, 0x7c, 0x04, 0x51,
  0x92, 0x57, 0x35, 0x73, 0x66, 0x0b, 0xb5, 0x8c, 0x54, 0x41, 0x70, 0xc2,
  0x5c, 0xa0, 0x64, 0x55, 0x77, 0x84, 0x81, 0x09, 0xaf, 0xb2, 0xc4, 0x94,
  0xfc, 0xc7, 0xe9, 0xfb, 0x30, 0xd7, 0xfe, 0xe2, 0x99, 0x49, 0xe0, 0x6a,
  0xcc, 0x85, 0xb8, 0x4e, 0x3f, 0xd9, 0xc9, 0xbe, 0x54, 0xff, 0x1d, 0x9a,
  0x94, 0x29, 0x23, 0x71, 0xda, 0x02, 0xcc, 0xb2, 0x01, 0xd2, 0xea, 0xed,
  0xe2, 0xdf, 0x1b, 0x0d, 0x93, 0x4a, 0xae, 0xba, 0x4f, 0x63, 0x0a, 0x78,
  0xd8, 0x24, 0xa3, 0x03, 0x95, 0xbf, 0xf6, 0xa8, 0x33, 0x03, 0xf7, 0x21,
  0xfd, 0x55, 0xba, 0xcf, 0xc8, 0x2a, 0xed, 0x92, 0xaf, 0x69, 0x66, 0x81,
  0x93, 0x3d, 0x9f, 0xd1, 0x40, 0xed, 0xee, 0x47, 0xf8, 0x26, 0x14, 0x86,
  0xba, 0xe1, 0xd0, 0xaa, 0x07, 0xed, 0x50, 0xe3, 0x4a, 0xa8, 0x91, 0x31,
  0x98, 0x3b, 0xae, 0xc8, 0x4d, 0x2e, 0x27, 0x81, 0x2d, 0x2a, 0xf9, 0x1c,
  0xc2, 0x3a, 0x24, 0xdc, 0x45, 0xdf, 0x16, 0x2f, 0x4d, 0xfe, 0xef, 0xd0,
  0x22, 0xeb, 0xb9, 0x6c, 0xaf, 0xb4, 0x1d, 0x2a, 0xec, 0x24, 0xd9, 0x34,
  0xe0, 0xb3, 0xed, 0x1f, 0xeb, 0x20, 0x60, 0x38, 0x7f, 0x0f, 0x8b, 0x70,
  0x51, 0xf0, 0xc9, 0x5f, 0xd4, 0xc9, 0x2d, 0xca, 0xe9, 0x4e, 0x94, 0x8e,
  0x6c, 0xaa, 0xfa, 0xfb, 0x5d, 0x11, 0xa2, 0xe2, 0xcb, 0x63, 0x04, 0xb2,
  0x15, 0xf2, 0xf5, 0xda, 0x8c, 0xce, 0x3c, 0x56, 0xdb, 0xf8, 0x8f, 0x4b,
  0x33, 0x95, 0x07, 0x38, 0x7f, 0x22, 0xd2, 0xd4, 0xb7, 0x4d, 0xf2, 0x98,
  0xcb, 0xd1, 0x52, 0x07, 0x37, 0x09, 0x65, 0x35, 0xc4, 0xf9, 0x17, 0x5d,
  0xaa, 0x95, 0xd5, 0xf2, 0x3b, 0x47, 0x1d, 0x49, 0xf9, 0x02, 0xba, 0x08,
  0x91, 0x0b, 0xde, 0xbb, 0x31, 0xc6, 0xc4, 0x4d, 0xa8, 0xdc, 0xfc, 0x2e,
  0xdf, 0x2f, 0xe3, 0x3d, 0xfa, 0x6d, 0x33, 0xeb, 0xdc, 0x41, 0x94, 0x81,
  0x1c, 0xca, 0xb3, 0x46, 0xbb, 0x5e, 0xd2, 0x31, 0x46, 0xdb, 0xb4, 0x2e,
  0x5b, 0xe9, 0xea, 0x69, 0xf4, 0x07, 0x52, 0xcf, 0x52, 0xcb, 0xa9, 0xff,
  0xe3, 0xd1, 0x37, 0x58, 0x42, 0xa9, 0xe5, 0xf9, 0x6a, 0x78, 0x26, 0x31,
  0xaa, 0x23, 0xaf, 0xcd, 0xe3, 0x16, 0x79, 0x01, 0x37, 0x26, 0xa7, 0xf1,
  0x05, 0xe6, 0x7f, 0xb0, 0x4a, 0x36, 0x96, 0x32, 0x5b, 0xd8, 0x14, 0x2a,
  0xcc, 0x0f, 0x63, 0xe4, 0xf4, 0xb0, 0xfa, 0xd3, 0x2e, 0x07, 0x55, 0x01,
  0x41, 0xa7, 0x15, 0xb3, 0x25, 0x2c, 0x00, 0x25, 0x37, 0xa9, 0x58, 0xc4,
  0xed, 0xfd, 0xeb, 0x59, 0x63, 0x05, 0xa2, 0xea, 0xa1, 0x46, 0xb2, 0x0d,
  0x6e, 0x2c, 0x50, 0x0d, 0x81, 0x09, 0x3a, 0x2f, 0xbf, 0x6e, 0x68, 0x7f,
  0x70, 0x5b, 0xa9, 0xcc, 0xa8, 0x0f, 0x35, 0x51, 0xbd, 0x9a, 0x23, 0xda,
  0x91, 0xd0, 0xab, 0x6c, 0xa1, 0x1b, 0xa1, 0x43, 0x9d, 0x5b, 0x89, 0xc5,
  0x63, 0xc3, 0x40, 0x3f, 0x5f, 0xe9, 0x2f, 0xda, 0x41, 0x6a, 0xbd, 0x91,
  0xd7, 0x0c, 0x82, 0x8b, 0x23, 0xe0, 0x23, 0xab, 0xfa, 0xee, 0x81, 0xbd,
  0xa2, 0xa7, 0x50, 0xaf, 0x72, 0x1c, 0xb7, 0x93, 0x1c, 0x6e, 0xdb, 0x14,
  0x10, 0x44, 0x02, 0x72, 0x4a, 0xfa, 0xab, 0x85, 0x58, 0x85, 0x54, 0x3a,
  0x54, 0x1d, 0x8f, 0x72, 0xa7, 0xfb, 0x24, 0x9f, 0xdc, 0x6c, 0x77, 0xf1,
  0xb1, 0xee, 0xb0, 0x4f, 0xcf, 0x0a, 0x1e, 0x70, 0xd3, 0x94, 0xda, 0x0e,
  0xfc, 0xf5, 0x1f, 0xde, 0x48, 0xb8, 0xf2, 0xe9, 0x49, 0x12, 0xc0, 0x4a,
  0xe6, 0x3e, 0xd9, 0x0b, 0xb8, 0x37, 0xfa, 0xff, 0x30, 0xc9, 0x81, 0xb1,
  0xae, 0x1d, 0x65, 0x02, 0x4e, 0x33, 0x1f, 0xd6, 0x00, 0xec, 0xb3, 0x12,
  0x3b, 0xd9, 0x45, 0x9e, 0xe9, 0xef, 0xbd, 0x46, 0xff, 0x6b, 0x9f, 0x8c,
  0x98, 0x7f, 0x18, 0x1d, 0xed, 0xc6, 0x02, 0x0f, 0x55, 0x69, 0x89, 0x22,
  0xcb, 0x32, 0x3c, 0x3d, 0x68, 0xfe, 0x6a, 0xaa, 0x36, 0xef, 0x0a, 0x1f,
  0x8d, 0xc9, 0xcf, 0x7a, 0x09, 0xb0, 0xf2, 0xd7, 0xad, 0x2a, 0xa0, 0xfa,
  0xc5, 0xa8, 0x03, 0x3c, 0x49, 0xc2, 0x36, 0x07, 0xfd, 0xc5, 0x71, 0x1b,
  0xbe, 0xe4, 0x39, 0x4b, 0xc3, 0x3b, 0xae, 0x0f, 0x03, 0x35, 0xe2, 0x7f,
  0x45, 0x9d, 0x78, 0xb5, 0x4e, 0xa6, 0x5f, 0x24, 0x45, 0xd8, 0x5e, 0xa9,
  0xde, 0x8f, 0xc1, 0xfd, 0x4e, 0x1a, 0x1f, 0xce, 0xba, 0xd6, 0xde, 0x09,
  0x0a, 0xbb, 0xcd, 0xb4, 0x53, 0x0b, 0x05, 0x52, 0x41, 0x2d, 0xeb, 0x67,
  0xbf, 0xfb, 0xae, 0x8b, 0xff, 0x40, 0x60, 0x07, 0xc0, 0xfd, 0xd3, 0x4e,
  0x3f, 0x3e, 0xfa, 0x43, 0x2d, 0xb6, 0xcb, 0x04, 0x47, 0x05, 0x4b, 0x07,
  0xca, 0xd0, 0xbc, 0x0e, 0xd3, 0xb3, 0xbc, 0xcf, 0x51, 0x7f, 0xa9, 0x21,
  0xa9, 0xb3, 0xf6, 0x3d, 0x15, 0x05, 0x3e, 0xff, 0x42, 0xf7, 0x17, 0xa8,
  0xe6, 0xa1, 0x4c, 0x1d, 0x26, 0xd6, 0xca, 0xfa, 0x46, 0x23, 0x47, 0x46,
  0xe9, 0x25, 0x50, 0xe1, 0x04, 0x33, 0x06, 0x07, 0x99, 0x1c, 0xb7, 0x81,
  0x3b, 0x95, 0x23, 0x0f, 0xbd, 0xe9, 0x0b, 0x4e, 0x4b, 0x4c, 0xb1, 0x36,
  0xa1, 0xbe, 0x56, 0x40, 0xf6, 0xe4, 0xe5, 0x3c, 0xef, 0x1f, 0xad, 0x1c,
  0xea, 0x22, 0x35, 0xbc, 0xf0, 0x5b, 0xe6, 0xe4, 0x40, 0x39, 0xfe, 0x51,
  0x73, 0xab, 0x13, 0xa8, 0xec, 0x00, 0xa6, 0x1c, 0x9c, 0x81, 0x84, 0x8d,
  0xe5, 0x33, 0x03, 0xff, 0x21, 0xb6, 0x93, 0x6f, 0xb9, 0x56, 0xdf, 0x61,
  0x3a, 0x4a, 0x1e, 0xaf, 0x6c, 0x02, 0xff, 0x13, 0xfe, 0x0e, 0x3f, 0xc9,
  0x2c, 0x01, 0x26, 0xba, 0xf7, 0xe5, 0x54, 0xb9, 0x45, 0x9c, 0xd5, 0xfd,
  0xeb, 0x34, 0x02, 0x8d, 0xa4, 0x2f, 0xd1, 0x38, 0xb2, 0xc7, 0x26, 0xef,
  0xd8, 0xd5, 0x20, 0x81, 0xa8, 0x60, 0xfd, 0x53, 0x3d, 0x2c, 0x56, 0xaf,
  0xca, 0xd1, 0x43, 0xb8, 0x39, 0x51, 0xd6, 0xb2, 0x32, 0xac, 0x56, 0x06,
  0xac, 0xf0, 0x47, 0x64, 0x57, 0x69, 0x53, 0xd2, 0xf3, 0x19, 0x91, 0x2a,
  0xc8, 0xc0, 0xb0, 0x69, 0x68, 0x70, 0x58, 0x42, 0x28, 0x99, 0x21, 0x9c,
  0xa7, 0x9b, 0x5b, 0xdb, 0x11, 0x49, 0x59, 0xe7, 0x99, 0x8c, 0x44, 0x74,
  0x3a, 0x07, 0x7f, 0x15, 0xe2, 0xd7, 0x94, 0x8d, 0xb7, 0x8d, 0xc0, 0x07,
  0xe5, 0x4b, 0xeb, 0x63, 0x90, 0x3f, 0xc6, 0x54, 0xa5, 0x1c, 0x1a, 0x67,
  0x36, 0x41, 0xaf, 0x54, 0xbf, 0x04, 0x62, 0x1a, 0x55, 0x06, 0xbe, 0xe6,
  0xd4, 0x2c, 0xd8, 0x03, 0x22, 0xee, 0x1a, 0xc9, 0xf9, 0xd8, 0x81, 0x03,
  0x20, 0x14, 0xc6, 0xb5, 0xe5, 0xd3, 0x2a, 0x5c, 0xa5, 0xd7, 0xb1, 0x2c,
  0xbb, 0xcc, 0xdc, 0xdc, 0x49, 0x48, 0x1a, 0x64, 0xa2, 0x01, 0x3d, 0x7a,
  0x47, 0xf9, 0xbd, 0x83, 0xbf, 0xf4, 0xda, 0x50, 0xc6, 0x37, 0xb9, 0xd0,
  0x0e, 0xce, 0xd6, 0x6b, 0xa6, 0xe0, 0x49, 0x2e, 0x99, 0x1a, 0xca, 0xf0,
  0xd3, 0x7c, 0xba, 0x17, 0x31, 0x49, 0xd1, 0xaf, 0x7f, 0x9e, 0x3f, 0xca,
  0x26, 0x23, 0x25, 0x30, 0x00, 0x19, 0xdc, 0xd2, 0x7f, 0xde, 0x34, 0x43,
  0xbf, 0x93, 0x03, 0xa6, 0x72, 0x03, 0x5c, 0xaf, 0x4e, 0xe9, 0x39, 0x0d,
  0x17, 0x97, 0xd3, 0x6b, 0xcf, 0xa3, 0xac, 0xab, 0x6e, 0xd2, 0xee, 0xd4,
  0x58, 0x32, 0x3a, 0x64, 0x51, 0xe6, 0x67, 0xf2, 0xc9, 0x4e, 0x34, 0xb7,
  0xbc, 0x66, 0xed, 0xd1, 0x18, 0x0b, 0x11, 0xb1, 0xbd, 0x21, 0x2c, 0x87,
  0x45, 0x33, 0x58, 0xd7, 0xd9, 0x15, 0xe2, 0x08, 0x54, 0x03, 0xbf, 0xd3,
  0xa8, 0xc7, 0xea, 0x32, 0xee, 0xd1, 0x7f, 0xbb, 0x1b, 0x35, 0x4f, 0xa6,
  0xbf, 0xe9, 0xe5, 0x13, 0x49, 0x58, 0x25, 0xe6, 0xd1, 0xd8, 0x23, 0xbe,
  0x17, 0xcd, 0xfc, 0x41, 0xc7, 0xbc, 0xe6, 0x41, 0xfd, 0x1e, 0x0a, 0xe9,
  0x2f, 0xed, 0x51, 0x49, 0x06, 0x44, 0x6a, 0x49, 0xc6, 0xe2, 0xb5, 0xa5,
  0xba, 0xb1, 0xea, 0xc4, 0xb9, 0x13, 0xb6, 0xbe, 0x6f, 0xbe, 0xdf, 0xb3,
  0x58, 0x04, 0xe9, 0x1d, 0x13, 0x81, 0xe2, 0xc2, 0xd4, 0x99, 0xd6, 0x1c,
  0x6a, 0xef, 0xb0, 0xf1, 0x54, 0x06, 0x0a, 0xa2, 0xba, 0x04, 0x49, 0x73,
  0x25, 0x4b, 0x12, 0xfe, 0x3f, 0xae, 0x4f, 0xb9, 0x4a, 0xc3, 0xee, 0x23,
  0xcc, 0x12, 0xa9, 0xa5, 0xe9, 0x2c, 0xb0, 0x59, 0x7f, 0x37, 0xff, 0x1d,
  0x5d, 0x63, 0x2f, 0xce, 0xd4, 0xfb, 0xf8, 0x52, 0xb0, 0xa4, 0x35, 0xd0,
  0x33, 0xb2, 0x9b, 0xa9, 0xea, 0xff, 0xb7, 0x21, 0xe6, 0x16, 0x00, 0x18,
  0x01, 0x41, 0x0d, 0xd1, 0xd2, 0xe5, 0x6d, 0x82, 0x01, 0x2b, 0xa6, 0xf2,
  0xcd, 0x13, 0xa9, 0xd7, 0xf2, 0xe2, 0x6d, 0x7f, 0xee, 0x2b, 0xc1, 0x4b,
  0xac, 0x2b, 0x09, 0xbb, 0x1f, 0x3e, 0x4b, 0x92, 0x7f, 0xf7, 0x4e, 0xab,
  0xf5, 0x99, 0xab, 0x64, 0xa4, 0x3f, 0xab, 0x3c, 0xe7, 0xe3, 0x1c, 0xae,
  0xc4, 0xd2, 0xb9, 0x70, 0x46, 0x21, 0xc6, 0xa1, 0x69, 0x0b, 0x24, 0xdd,
  0x2c, 0x68, 0x95, 0x32, 0x30, 0xe1, 0x58, 0x4b, 0xe2, 0x02, 0xf2, 0x16,
  0xf2, 0x2b, 0x5e, 0x9f, 0xff, 0x0f, 0xef, 0x90, 0x23, 0xcf, 0x52, 0x09,
  0x4b, 0x22, 0xc0, 0x7f, 0xd8, 0x05, 0xa8, 0xfb, 0xb6, 0x9b, 0x96, 0x71,
  0x4e, 0x61, 0xde, 0x03, 0x28, 0xd1, 0xa6, 0xed, 0x0e, 0xb0, 0xe3, 0x44,
  0x05, 0xfe, 0xda, 0x1e, 0xca, 0x7f, 0xbd, 0x06, 0x32, 0x33, 0xb5, 0x5a,
  0x28, 0x36, 0x21, 0xf1, 0x68, 0x9c, 0xb5, 0xac, 0x28, 0x16, 0xb2, 0xad,
  0x53, 0x02, 0xb9, 0x33, 0xe7, 0xee, 0x09, 0x4b, 0xf1, 0xfd, 0x9a, 0x2c,
  0x25, 0xe0, 0x5e, 0x5f, 0x3e, 0x15, 0xa9, 0x27, 0x7b, 0xea, 0x67, 0xfc,
  0xbb, 0x53, 0x98, 0xf7, 0x06, 0xe1, 0xcc, 0x3b, 0x5f, 0xc7, 0xa9, 0xe4,
  0x06, 0x29, 0x0f, 0x63, 0xa5, 0x07, 0xe6, 0x90, 0xe4, 0x0c, 0xd4, 0x1b,
  0xbf, 0x54, 0xeb, 0x28, 0x05, 0xce, 0xcb, 0xe9, 0x7f, 0x5f, 0x26, 0x5c,
  0xc3, 0x57, 0x48, 0xd9, 0x39, 0xd1, 0x05, 0x3c, 0xcb, 0xad, 0x11, 0x0e,
  0xa6, 0xc8, 0x64, 0xe7, 0xb1, 0x2e, 0xf1, 0xf4, 0x69, 0x1f, 0x5b, 0x66,
  0xee, 0x9f, 0x6f, 0xbb, 0x3e, 0x0c, 0xe2, 0x86, 0x93, 0xe3, 0x4c, 0xba,
  0xcb, 0xb8, 0x35, 0xf7, 0x8e, 0x8b, 0xeb, 0xf8, 0x9d, 0x7f, 0x44, 0x89,
  0x69, 0x5a, 0x1d, 0x26, 0x02, 0x19, 0xed, 0x60, 0x46, 0x55, 0xc5, 0xd1,
  0x4d, 0x5b, 0xa4, 0xe8, 0x1f, 0x6c, 0x72, 0xf9, 0x9f, 0x55, 0xe1, 0x05,
  0x06, 0x86, 0x8d, 0x4f, 0x1a, 0xea, 0x19, 0xc7, 0x91, 0xe4, 0xcd, 0x17,
  0x47, 0xbb, 0xf8, 0xb1, 0x5d, 0xaf, 0xaf, 0x8a, 0xa8, 0x32, 0x51, 0x7f,
  0x6f, 0x9d, 0x8a, 0xdb, 0x52, 0xe1, 0xf1, 0x2a, 0xe7, 0x41, 0x35, 0x02,
  0x46, 0x5d, 0xce, 0xb2, 0x1c, 0xd8, 0xc1, 0x62, 0x22, 0x01, 0x3f, 0x98,
  0x5b, 0xf1, 0x0e, 0x29, 0x59, 0x81, 0xca, 0xf6, 0x1e, 0xe0, 0x26, 0xcb,
  0xc4, 0xec, 0x0e, 0x46, 0xef, 0x94, 0x32, 0x33, 0x40, 0xe1, 0x9d, 0x16,
  0x34, 0xc4, 0x4d, 0x1e, 0x36, 0xfa, 0x8a, 0x29, 0xb5, 0xc9, 0x58, 0x57,
  0xf5, 0x2a, 0x3c, 0xc2, 0x10, 0x52, 0xee, 0x96, 0x55, 0x63, 0xc6, 0x86,
  0x5f, 0xe1, 0xcf, 0xb0, 0x9e, 0x4e, 0xf8, 0xe8, 0x54, 0x56, 0x4b, 0x0a,
  0xb6, 0x1c, 0x98, 0x19, 0xf7, 0xbc, 0xad, 0x5b, 0x65, 0x94, 0xa8, 0x45,
  0x0e, 0x27, 0xfe, 0x81, 0xf9, 0x2e, 0x09, 0x41, 0xd0, 0x07, 0xdb, 0x0d,
  0x5d, 0x14, 0xe4, 0xfa, 0xbf, 0xd1, 0xd6, 0x1c, 0xfc, 0x00, 0x10, 0xf5,
  0x63, 0x68, 0x90, 0xa9, 0xec, 0xc0, 0x36, 0xb0, 0x8d, 0xce, 0x6b, 0x33,
  0x3c, 0xdb, 0x92, 0x05, 0xbf, 0x2f, 0x05, 0xdc, 0xb1, 0x4e, 0xc9, 0xf4,
  0xc5, 0xf7, 0x81, 0x26, 0x07, 0x9e, 0x0d, 0xf8, 0x5d, 0x30, 0xa4, 0x16,
  0x5a, 0x4f, 0xf9, 0x30, 0x04, 0xfa, 0x62, 0x39, 0xd6, 0x65, 0x3d, 0xab,
  0x13, 0xdd, 0x48, 0x66, 0x20, 0x8b, 0xec, 0xe6, 0xb9, 0xd3, 0xde, 0xdd,
  0x35, 0xf6, 0x46, 0x7f, 0x07, 0x2d, 0x35, 0xcf, 0xe6, 0x29, 0xba, 0xa4,
  0x63, 0xd1, 0x3b, 0x52, 0x98, 0xc3, 0xbb, 0x03, 0xf4, 0x52, 0xcb, 0xd3,
  0xae, 0x05, 0xc1, 0x30, 0x52, 0xeb, 0xd0, 0x57, 0x1b, 0xa1, 0x60, 0x72,
  0x56, 0xf0, 0xff, 0xff, 0x04, 0x00, 0x00, 0x00, 0xc0, 0x00, 0x00, 0x00,
  0x6e, 0xfe, 0xff, 0xff, 0x74, 0x01, 0x00, 0x00, 0xc5, 0xfd, 0xff, 0xff,
  0x7c, 0x00, 0x00, 0x00, 0x5b, 0x00, 0x00, 0x00, 0x28, 0xfe, 0xff, 0xff,
  0xf7, 0xfe, 0xff, 0xff, 0x89, 0xfe, 0xff, 0xff, 0x44, 0x00, 0x00, 0x00,
  0xf9, 0xfd, 0xff, 0xff, 0x4b, 0xff, 0xff, 0xff, 0x1c, 0x01, 0x00, 0x00,
  0x30, 0x00, 0x00, 0x00, 0xf9, 0xff, 0xff, 0xff, 0x05, 0xff, 0xff, 0xff,
  0x24, 0x00, 0x00, 0x00, 0xa2, 0xff, 0xff, 0xff, 0x39, 0x02, 0x00, 0x00,
  0x69, 0xff, 0xff, 0xff, 0x5b, 0x01, 0x00, 0x00, 0x37, 0x01, 0x00, 0x00,
  0xf1, 0xfe, 0xff, 0xff, 0x30, 0xfe, 0xff, 0xff, 0xfc, 0xff, 0xff, 0xff,
  0xb2, 0xff, 0xff, 0xff, 0x67, 0xff, 0xff, 0xff, 0x72, 0x01, 0x00, 0x00,
  0xa7, 0x00, 0x00, 0x00, 0x26, 0xfd, 0xff, 0xff, 0x26, 0x01, 0x00, 0x00,
  0x0c, 0x00, 0x00, 0x00, 0xf0, 0xfe, 0xff, 0xff, 0x5e, 0x00, 0x00, 0x00,
  0x86, 0xff, 0xff, 0xff, 0xca, 0xfe, 0xff, 0xff, 0x01, 0x01, 0x00, 0x00,
  0x87, 0xff, 0xff, 0xff, 0x4f, 0x01, 0x00, 0x00, 0x67, 0xff, 0xff, 0xff,
  0xd8, 0xfe, 0xff, 0xff, 0xa7, 0x00, 0x00, 0x00, 0x71, 0xfe, 0xff, 0xff,
  0x0e, 0xfe, 0xff, 0xff, 0xc8, 0xfe, 0xff, 0xff, 0xe6, 0x00, 0x00, 0x00,
  0x81, 0xfd, 0xff, 0xff, 0xa2, 0xff, 0xff, 0xff, 0x30, 0x00, 0x00, 0x00,
  0x22, 0xf1, 0xff, 0xff, 0x04, 0x00, 0x00, 0x00, 0x00, 0x06, 0x00, 0x00,
  0x68, 0xf2, 0x37, 0x28, 0xd1, 0xc2, 0x12, 0x36, 0x08, 0x56, 0xf6, 0x49,
  0x2b, 0xd4, 0xce, 0x51, 0xc0, 0x0d, 0xe4, 0xc9, 0x85, 0xeb, 0x32, 0x88,
  0xed, 0x41, 0x2b, 0xbe, 0x61, 0x37, 0xe3, 0x34, 0x3a, 0xe6, 0x81, 0xc0,
  0x16, 0x14, 0xdc, 0x1f, 0x92, 0x99, 0x52, 0x9f, 0x18, 0xb1, 0x32, 0x4c,
  0xb8, 0x07, 0x21, 0x06, 0x10, 0xf8, 0x01, 0xbb, 0x7f, 0xd0, 0x3d, 0x1a,
  0xc6, 0x2a, 0xea, 0x99, 0x4a, 0xfe, 0xd7, 0xe1, 0x7c, 0x0b, 0xa8, 0x1d,
  0x53, 0x06, 0xcc, 0x72, 0xe2, 0xb8, 0x46, 0x2f, 0x37, 0xe9, 0xce, 0xa4,
  0xa6, 0x36, 0x27, 0xda, 0x10, 0x9c, 0x3b, 0xee, 0xc6, 0xe7, 0x43, 0x0a,
  0x56, 0x6a, 0xbb, 0xb3, 0x87, 0x5b, 0x34, 0x62, 0x92, 0x62, 0x9b, 0xba,
  0x8d, 0xe3, 0x3b, 0xac, 0xf9, 0x23, 0x28, 0xe7, 0x9e, 0x45, 0x95, 0x41,
  0x46, 0xe2, 0xa5, 0x34, 0x10, 0xff, 0xb3, 0xe0, 0xec, 0x81, 0x79, 0x86,
  0x18, 0xbf, 0x86, 0x14, 0xb9, 0xc6, 0x65, 0xb0, 0x98, 0xf8, 0x62, 0xd1,
  0xa5, 0x02, 0x14, 0xc1, 0x6d, 0x24, 0xf0, 0x27, 0xf8, 0xf4, 0x6f, 0x66,
  0xfe, 0xb2, 0xe5, 0x43, 0x7e, 0x93, 0x14, 0x37, 0xf8, 0x64, 0x6e, 0x1f,
  0x7f, 0x28, 0x5b, 0xf0, 0x61, 0x43, 0xf9, 0xbe, 0xb6, 0x9b, 0x1b, 0xd1,
  0xc0, 0xb5, 0x66, 0x73, 0xef, 0x39, 0xee, 0x04, 0xf1, 0x1e, 0xa8, 0xaf,
  0x28, 0x3d, 0x79, 0xf3, 0xf1, 0xf5, 0xec, 0x06, 0xde, 0x33, 0x2d, 0xc0,
  0x2f, 0x4a, 0xf0, 0x30, 0xc7, 0x38, 0x81, 0xe4, 0x59, 0x32, 0x05, 0x2b,
  0x31, 0x1c, 0x49, 0xa6, 0x16, 0x50, 0xf6, 0x55, 0x57, 0x93, 0xaa, 0x00,
  0x2e, 0x23, 0x29, 0xfa, 0x9e, 0xfe, 0xd9, 0x9f, 0x46, 0x32, 0x08, 0x02,
  0xab, 0x1e, 0xf4, 0xff, 0xf8, 0x23, 0xc0, 0x40, 0x4a, 0x27, 0x78, 0x5e,
  0xe4, 0x4e, 0x36, 0xd3, 0x54, 0xcf, 0x23, 0x7e, 0xf8, 0x48, 0xdb, 0x02,
  0x0e, 0x01, 0xc3, 0xee, 0xc0, 0x7f, 0x0c, 0x9f, 0x29, 0x6b, 0xfd, 0x98,
  0xc1, 0xa9, 0xb5, 0xec, 0xcb, 0xd9, 0x4e, 0xec, 0x2f, 0xc8, 0x5a, 0x0a,
  0xc8, 0xaa, 0xcc, 0xd6, 0x81, 0xec, 0xa7, 0x57, 0x4c, 0x20, 0x0e, 0x24,
  0xde, 0x65, 0xa4, 0x97, 0xa2, 0x09, 0x39, 0xf4, 0xc4, 0xc2, 0x53, 0x86,
  0x1b, 0x2b, 0x17, 0xd1, 0xe2, 0x40, 0x9e, 0x30, 0xb3, 0xab, 0xce, 0xb1,
  0xaf, 0x5b, 0xf3, 0x34, 0x02, 0x52, 0xbc, 0x1a, 0x39, 0xfb, 0x11, 0x2d,
  0x8e, 0x59, 0xa0, 0x32, 0xfb, 0xb3, 0xb8, 0xe4, 0x06, 0xae, 0xd5, 0x25,
  0x5a, 0xc6, 0x5b, 0x17, 0xa5, 0x08, 0x55, 0x50, 0x0f, 0x39, 0xa9, 0x7f,
  0xe3, 0xd1, 0x58, 0xd9, 0x0c, 0xbb, 0xb4, 0xac, 0xa5, 0x06, 0xb6, 0x44,
  0x2a, 0x3b, 0xf9, 0xb4, 0xa7, 0x49, 0xc6, 0x36, 0x0e, 0xb3, 0xd8, 0x64,
  0x44, 0xa2, 0x11, 0xef, 0xde, 0xf4, 0x68, 0xc7, 0x4b, 0xda, 0x7f, 0x0a,
  0x45, 0x1a, 0xb6, 0xc3, 0xad, 0x83, 0x0b, 0x42, 0x39, 0x12, 0x26, 0xa4,
  0x4c, 0xde, 0x1f, 0x2c, 0xea, 0x55, 0x0c, 0x0e, 0x50, 0x3b, 0x86, 0x16,
  0x27, 0xb5, 0x7b, 0x4a, 0xaf, 0x15, 0x26, 0xbf, 0xe7, 0xed, 0x68, 0x22,
  0x88, 0xff, 0x36, 0x9d, 0xd3, 0x48, 0x54, 0xe2, 0x7b, 0x93, 0x8f, 0xda,
  0x9b, 0x22, 0x1e, 0x3a, 0xd0, 0x87, 0x31, 0xf2, 0xe8, 0x0a, 0x44, 0x2c,
  0xb4, 0x11, 0x0d, 0x90, 0x14, 0xa3, 0xcc, 0xe4, 0x7b, 0x64, 0xc3, 0x95,
  0x90, 0xed, 0xa7, 0xaf, 0x81, 0x5d, 0x56, 0x65, 0x7b, 0x29, 0x7a, 0xba,
  0x28, 0xd4, 0x05, 0x1f, 0x24, 0xc8, 0xff, 0x07, 0x19, 0x25, 0x13, 0xb5,
  0x00, 0x98, 0xae, 0x47, 0x8e, 0x49, 0x9c, 0xf1, 0x51, 0x59, 0xd2, 0xd8,
  0xf4, 0xcb, 0x35, 0x04, 0x1f, 0x44, 0xf5, 0xa6, 0xab, 0xa7, 0x2e, 0x7f,
  0x07, 0x35, 0x9b, 0x14, 0x67, 0xac, 0xdc, 0xbf, 0xce, 0x95, 0x59, 0x50,
  0x36, 0x58, 0x2d, 0xd1, 0xd0, 0x46, 0xde, 0xe9, 0xed, 0xe1, 0x54, 0xf9,
  0x13, 0x44, 0x38, 0xbc, 0x18, 0x5d, 0xe9, 0x59, 0xd0, 0xf7, 0x3a, 0x78,
  0xa8, 0x65, 0x70, 0x9a, 0xe8, 0xf7, 0x35, 0x62, 0xbb, 0xa3, 0x01, 0xef,
  0xbf, 0x7f, 0x55, 0x63, 0x0c, 0x0b, 0xd4, 0xec, 0x68, 0xbf, 0x39, 0x74,
  0xd5, 0x94, 0x9f, 0xc0, 0x2e, 0x08, 0x56, 0xc3, 0x7c, 0xe7, 0x3d, 0xbf,
  0x01, 0x0b, 0x52, 0xb7, 0x08, 0xdc, 0x13, 0x18, 0x13, 0xc0, 0xe3, 0x06,
  0x6f, 0xd2, 0x30, 0x7f, 0xe5, 0x16, 0x1a, 0x4b, 0x3b, 0x60, 0x5a, 0xcf,
  0xb3, 0x30, 0xb0, 0xc4, 0x9f, 0x54, 0xcf, 0x77, 0x0e, 0xdd, 0x4d, 0x1f,
  0x22, 0x52, 0x96, 0xe2, 0xc7, 0xc3, 0xab, 0x28, 0x2c, 0xf8, 0x50, 0xbb,
  0xdf, 0xb2, 0x35, 0x99, 0xd2, 0x1d, 0xeb, 0x73, 0xeb, 0xb4, 0x67, 0x51,
  0xcb, 0x46, 0xe3, 0x1e, 0x3d, 0x2d, 0x2a, 0xb2, 0xa4, 0x07, 0xfb, 0xe6,
  0x5b, 0x81, 0x2c, 0xc8, 0x9c, 0xba, 0x5c, 0x61, 0x27, 0x3c, 0xbb, 0x3c,
  0xf4, 0x0d, 0xd9, 0x0e, 0x11, 0x3a, 0x3e, 0xce, 0x06, 0x0f, 0xc7, 0xae,
  0xd9, 0x44, 0xc1, 0xe8, 0x0b, 0xfd, 0xed, 0xfb, 0xd1, 0xd0, 0x00, 0x05,
  0x0e, 0xf7, 0xcb, 0xf3, 0xcb, 0xa5, 0x55, 0x00, 0xc8, 0xc2, 0x1f, 0x57,
  0x0d, 0x7f, 0xff, 0x54, 0xd5, 0x21, 0x03, 0xf1, 0x54, 0x12, 0xa5, 0x08,
  0xd7, 0xa9, 0x8f, 0x38, 0x7c, 0x32, 0x1f, 0xa1, 0xec, 0xc6, 0xc1, 0xeb,
  0x48, 0x81, 0x56, 0x34, 0x59, 0xe0, 0xa9, 0x1a, 0x04, 0xaa, 0x12, 0x3d,
  0xaa, 0x87, 0xef, 0xd2, 0xb5, 0xd0, 0xdd, 0x34, 0xcf, 0xc6, 0xc0, 0x5a,
  0x9b, 0x99, 0xa0, 0xfd, 0xeb, 0x77, 0x02, 0x81, 0xca, 0x07, 0x5a, 0xe4,
  0x24, 0xca, 0xf6, 0xd1, 0xa6, 0xd7, 0xac, 0xe4, 0xa2, 0x1b, 0x79, 0x4d,
  0xec, 0x03, 0xf9, 0x5d, 0x9c, 0xe6, 0x1e, 0x17, 0xac, 0x81, 0x1a, 0x1e,
  0xd8, 0xcc, 0xd2, 0xed, 0x0a, 0x6d, 0xae, 0xde, 0xc6, 0x35, 0x5b, 0xaf,
  0x9e, 0x26, 0x9c, 0x1b, 0xa9, 0x9f, 0xee, 0x6d, 0x45, 0x90, 0x11, 0xac,
  0x8e, 0x38, 0x39, 0x83, 0xd6, 0x50, 0xf5, 0x01, 0xb8, 0xd1, 0x09, 0x58,
  0x81, 0xbf, 0xc2, 0x0b, 0xaf, 0x0e, 0xe1, 0x96, 0x49, 0x4a, 0x5e, 0x36,
  0xfa, 0x0a, 0xfb, 0x59, 0xc2, 0xb5, 0x5c, 0xe4, 0x9f, 0x37, 0x6d, 0x68,
  0x5d, 0x91, 0x65, 0x97, 0x86, 0x43, 0x86, 0x6c, 0x49, 0xb5, 0x86, 0xbd,
  0xf6, 0xf8, 0xbb, 0xc0, 0xe5, 0xcf, 0xbc, 0xa2, 0xea, 0xce, 0xe7, 0xd6,
  0x3c, 0x7f, 0xf0, 0x06, 0xee, 0x13, 0x92, 0xd1, 0xce, 0xd3, 0x9f, 0x3f,
  0x47, 0xe9, 0x24, 0x2a, 0xa9, 0x9d, 0x56, 0x4f, 0x25, 0x82, 0x6b, 0x70,
  0x35, 0x1f, 0x3c, 0xd4, 0x4a, 0xf1, 0x47, 0x0f, 0x28, 0x1a, 0x2d, 0xee,
  0x29, 0x69, 0xa8, 0x06, 0x3a, 0xe8, 0x0c, 0xed, 0xa4, 0x2e, 0x34, 0x9c,
  0x02, 0x21, 0x05, 0x0e, 0xc2, 0xd7, 0x4a, 0x08, 0xb9, 0xc7, 0x3b, 0x2d,
  0x26, 0xe8, 0x32, 0xc9, 0xc3, 0xdf, 0x06, 0xc8, 0xaf, 0x1e, 0xb9, 0x7f,
  0xc8, 0x78, 0xd4, 0x20, 0x4d, 0x9d, 0x61, 0x41, 0xd6, 0x2b, 0x24, 0x53,
  0xd8, 0x0b, 0x08, 0x07, 0x0f, 0x9d, 0xac, 0x46, 0xa6, 0x14, 0x65, 0x02,
  0x17, 0xf5, 0x81, 0x86, 0x21, 0x48, 0x72, 0x3b, 0x11, 0xf3, 0x4b, 0xbb,
  0xfe, 0x42, 0x54, 0x9f, 0x9c, 0x3d, 0xb6, 0x4e, 0x27, 0xf7, 0xbf, 0x4c,
  0xb5, 0x13, 0xa9, 0xdf, 0x8c, 0x52, 0xd9, 0x96, 0x1a, 0xfb, 0x8e, 0xbe,
  0x29, 0x18, 0xf6, 0x3e, 0x57, 0xfd, 0xec, 0xf9, 0x67, 0x3c, 0x7f, 0x14,
  0x5c, 0xc2, 0xff, 0xcc, 0x69, 0xc5, 0xdb, 0x3a, 0x53, 0xe4, 0x3d, 0xf3,
  0x40, 0x22, 0x03, 0x45, 0xb2, 0x4a, 0xa9, 0x62, 0x3b, 0xb8, 0x2c, 0x84,
  0xbf, 0xc5, 0xc1, 0x54, 0xf5, 0xf9, 0xf1, 0x0c, 0x99, 0xd9, 0xf2, 0xe8,
  0xfa, 0x9e, 0x04, 0xbb, 0xe3, 0xee, 0xcc, 0xcc, 0x78, 0x5a, 0x57, 0x81,
  0xbc, 0xad, 0x6c, 0xd3, 0xe8, 0xb2, 0x0e, 0x55, 0x40, 0x88, 0x3a, 0xfc,
  0x53, 0x4a, 0x5f, 0x4c, 0x22, 0xbe, 0xac, 0x11, 0x3d, 0x48, 0xb2, 0xa4,
  0xe1, 0x55, 0xec, 0xb1, 0x8a, 0x1f, 0x24, 0x19, 0xbc, 0x47, 0xd9, 0xf5,
  0x8f, 0xcf, 0x59, 0x0d, 0x81, 0x48, 0x10, 0xfd, 0x14, 0x44, 0x0f, 0x3e,
  0x1a, 0x0f, 0x86, 0xbd, 0xa3, 0x1b, 0xff, 0x88, 0xba, 0x22, 0x67, 0x94,
  0xbd, 0x77, 0x0a, 0x11, 0xfb, 0x25, 0xb5, 0x2b, 0x3d, 0x16, 0x9e, 0x9c,
  0x5e, 0x53, 0x9b, 0x0c, 0x1c, 0x58, 0xc2, 0x17, 0x1d, 0xfd, 0x1b, 0x89,
  0xb9, 0xd6, 0xa5, 0x2d, 0x42, 0xdb, 0xd7, 0x46, 0x82, 0xae, 0x18, 0x14,
  0x1e, 0x2b, 0x85, 0xe8, 0xb5, 0x95, 0xd8, 0xe3, 0x5a, 0xf1, 0x0c, 0x43,
  0x5e, 0x21, 0x11, 0xb1, 0x35, 0xa4, 0xd7, 0x4d, 0xf3, 0xac, 0xf2, 0x01,
  0x1f, 0xf8, 0x48, 0x34, 0x4a, 0x31, 0xda, 0xb6, 0x81, 0x2d, 0xcb, 0x25,
  0xfd, 0xac, 0x52, 0xeb, 0x30, 0xd1, 0x5d, 0xae, 0x24, 0x2d, 0xa8, 0x7f,
  0x2f, 0x1b, 0x34, 0x55, 0xba, 0xdc, 0xde, 0x58, 0x29, 0xe5, 0x60, 0x03,
  0x2d, 0xb3, 0xf6, 0xa5, 0x30, 0x33, 0xaf, 0x69, 0xff, 0x27, 0x4a, 0xca,
  0x9e, 0xac, 0x04, 0x39, 0xd5, 0x62, 0x32, 0x98, 0xe9, 0xdd, 0xee, 0x4e,
  0xf6, 0xaa, 0x4a, 0xd4, 0xc3, 0xf8, 0x97, 0x1e, 0x8f, 0x3c, 0x5b, 0x4e,
  0x93, 0xd0, 0xec, 0x96, 0xc0, 0xf5, 0x3d, 0xe0, 0xe8, 0xe9, 0x5d, 0x96,
  0x36, 0x22, 0xfa, 0x94, 0x18, 0xd8, 0x7a, 0x64, 0x04, 0xfb, 0x95, 0x21,
  0xcd, 0xf6, 0x87, 0x97, 0x81, 0xb9, 0x6d, 0xcc, 0x1e, 0x42, 0x45, 0x8f,
  0x07, 0x11, 0xa4, 0x4e, 0xc8, 0xe2, 0xef, 0x62, 0xc8, 0xff, 0x7f, 0xcf,
  0x4f, 0x08, 0x16, 0x54, 0x4c, 0xdc, 0x5a, 0xca, 0x9c, 0x95, 0x06, 0x93,
  0x48, 0x66, 0xdf, 0x5a, 0xa1, 0x5c, 0xdb, 0xf0, 0x39, 0x21, 0x44, 0xb3,
  0x5d, 0xb7, 0x1e, 0x01, 0xc2, 0xc5, 0xd6, 0xd8, 0x33, 0xdd, 0x15, 0x1f,
  0x04, 0xbc, 0xc0, 0xa4, 0xc2, 0x47, 0xa7, 0x47, 0xe5, 0xa5, 0xf0, 0xb1,
  0x8b, 0x25, 0x87, 0x01, 0x47, 0xdd, 0x92, 0xfd, 0x3d, 0xf8, 0x47, 0x35,
  0x81, 0xd8, 0x26, 0x79, 0xf3, 0xc0, 0x3e, 0x18, 0xd7, 0x90, 0xb8, 0x53,
  0x3b, 0xbd, 0xed, 0xfe, 0x4a, 0x27, 0x3c, 0x2a, 0xe7, 0x2c, 0xe2, 0x92,
  0x7e, 0x13, 0x29, 0xa2, 0xae, 0xb0, 0x31, 0x34, 0x19, 0xc0, 0xfa, 0x65,
  0x1d, 0x6e, 0x2a, 0xe8, 0xb2, 0xc5, 0x3e, 0xee, 0xe5, 0xba, 0x90, 0xea,
  0xd8, 0x67, 0xe0, 0xd6, 0x38, 0x98, 0xba, 0x78, 0x16, 0x55, 0x59, 0x2d,
  0xb1, 0x08, 0xe2, 0x51, 0x21, 0x7f, 0x23, 0x1b, 0x09, 0x5e, 0x8f, 0xcd,
  0xf3, 0xb0, 0xae, 0xbc, 0x5c, 0x9e, 0x5c, 0x23, 0x0f, 0xbf, 0x3b, 0x1d,
  0x0f, 0xed, 0xf2, 0x2f, 0x3c, 0x56, 0x41, 0xa4, 0xc6, 0xf1, 0xc6, 0xb1,
  0xe2, 0xeb, 0x78, 0xcb, 0x46, 0xc0, 0xd7, 0x0f, 0x3b, 0xe9, 0x05, 0x7f,
  0xf3, 0xdd, 0x48, 0x72, 0xe5, 0x33, 0xd3, 0x07, 0x5f, 0x83, 0x87, 0xdc,
  0xfd, 0xd4, 0xf9, 0x49, 0x9a, 0xef, 0xe4, 0xe3, 0xb6, 0x2d, 0x37, 0x48,
  0x2d, 0xf5, 0xb1, 0x98, 0x98, 0xd8, 0x79, 0x33, 0x3a, 0x25, 0xca, 0xb8,
  0xbe, 0x7f, 0xf4, 0x3a, 0xb2, 0x76, 0xcc, 0x6a, 0xe7, 0x15, 0xcd, 0xde,
  0x18, 0xbc, 0xf5, 0x41, 0xf6, 0xed, 0xe4, 0xae, 0xc3, 0xb1, 0x0d, 0x1d,
  0x2e, 0xf7, 0xff, 0xff, 0x04, 0x00, 0x00, 0x00, 0x80, 0x00, 0x00, 0x00,
  0x1c, 0xfb, 0xff, 0xff, 0xc0, 0x00, 0x00, 0x00, 0xf0, 0xfb, 0xff, 0xff,
  0x25, 0x01, 0x00, 0x00, 0x6c, 0x02, 0x00, 0x00, 0x25, 0x01, 0x00, 0x00,
  0x40, 0xff, 0xff, 0xff, 0x4c, 0x01, 0x00, 0x00, 0x16, 0x02, 0x00, 0x00,
  0x68, 0x00, 0x00, 0x00, 0x2a, 0x03, 0x00, 0x00, 0xc1, 0x01, 0x00, 0x00,
  0x2e, 0x00, 0x00, 0x00, 0x56, 0xff, 0xff, 0xff, 0xc5, 0x06, 0x00, 0x00,
  0xb3, 0xfe, 0xff, 0xff, 0xb6, 0xfd, 0xff, 0xff, 0x00, 0xfc, 0xff, 0xff,
  0x91, 0x03, 0x00, 0x00, 0x7c, 0x02, 0x00, 0x00, 0xc5, 0xfa, 0xff, 0xff,
  0xe1, 0x01, 0x00, 0x00, 0x4f, 0xff, 0xff, 0xff, 0xf8, 0xfc, 0xff, 0xff,
  0x40, 0xfd, 0xff, 0xff, 0x20, 0xfe, 0xff, 0xff, 0xcf, 0xfd, 0xff, 0xff,
  0x80, 0x03, 0x00, 0x00, 0x01, 0xfe, 0xff, 0xff, 0x46, 0xfd, 0xff, 0xff,
  0x47, 0x02, 0x00, 0x00, 0x53, 0x06, 0x00, 0x00, 0xba, 0xf7, 0xff, 0xff,
  0x04, 0x00, 0x00, 0x00, 0xf0, 0x00, 0x00, 0x00, 0x3e, 0xff, 0x81, 0x63,
  0xd2, 0x94, 0x94, 0xde, 0xc7, 0x62, 0xce, 0x20, 0x2f, 0xb7, 0xeb, 0x41,
  0x16, 0x03, 0x2e, 0x9b, 0x04, 0x5f, 0xf1, 0xd0, 0xdd, 0xa9, 0xe2, 0x3e,
  0x05, 0x27, 0x2c, 0x3f, 0xba, 0x81, 0x15, 0x1b, 0x33, 0xd0, 0x51, 0x87,
  0x75, 0x18, 0x59, 0x41, 0x6b, 0x8f, 0xc0, 0x29, 0x17, 0x03, 0x1c, 0x85,
  0xb4, 0xf5, 0x38, 0xfe, 0x5e, 0x9c, 0xe2, 0xde, 0xdd, 0x85, 0x08, 0xd3,
  0xeb, 0xe1, 0x13, 0x86, 0xde, 0xf1, 0xb2, 0x11, 0xe1, 0x81, 0xfe, 0x8e,
  0x34, 0x5c, 0xfc, 0xbd, 0xad, 0xab, 0x34, 0x04, 0x51, 0xd6, 0x0a, 0xe3,
  0x13, 0x27, 0x62, 0xe5, 0x88, 0x17, 0x9e, 0xe7, 0xf2, 0xab, 0xe7, 0xae,
  0xe3, 0x3c, 0x81, 0xdb, 0xcf, 0x6f, 0xc7, 0xb9, 0x70, 0x94, 0x63, 0x3e,
  0x8c, 0x9c, 0x4d, 0x43, 0x8d, 0xd2, 0x48, 0xb8, 0x9f, 0x60, 0x8b, 0x02,
  0x31, 0x7f, 0x95, 0x37, 0x52, 0x5a, 0xb0, 0x0c, 0x6e, 0x5d, 0x63, 0x49,
  0x25, 0xaf, 0xd9, 0x38, 0x70, 0xc2, 0xe6, 0xe9, 0xd8, 0xea, 0x8e, 0xd2,
  0xe2, 0xd5, 0x0f, 0x15, 0x3e, 0x97, 0xd1, 0x03, 0x94, 0x3a, 0x3a, 0x0c,
  0xb1, 0xc2, 0x36, 0x10, 0x8f, 0xd1, 0x07, 0xd0, 0xca, 0xd4, 0x81, 0xd2,
  0x50, 0xea, 0xe6, 0xca, 0x27, 0xc0, 0x9e, 0x3d, 0x67, 0xf7, 0x67, 0xd4,
  0x34, 0xfb, 0x3b, 0xe6, 0x2e, 0x35, 0x6e, 0x56, 0x02, 0x9e, 0xae, 0x69,
  0xc1, 0x01, 0x0b, 0x4b, 0x57, 0xf5, 0xa2, 0x01, 0x35, 0x81, 0xba, 0x41,
  0xbe, 0x9f, 0xaf, 0x58, 0xc2, 0x68, 0x0a, 0xd1, 0x59, 0x41, 0x5f, 0xc0,
  0x44, 0xec, 0xb4, 0x40, 0xcc, 0xa4, 0x95, 0x6b, 0x72, 0x7f, 0xed, 0x61,
  0xa1, 0xa2, 0x22, 0xfa, 0xa4, 0x91, 0x09, 0x3b, 0xb6, 0xf8, 0xff, 0xff,
  0x04, 0x00, 0x00, 0x00, 0x20, 0x00, 0x00, 0x00, 0xbb, 0xff, 0xff, 0xff,
  0x2c, 0x00, 0x00, 0x00, 0x16, 0x00, 0x00, 0x00, 0x00, 0x00, 0x00, 0x00,
  0xe4, 0xff, 0xff, 0xff, 0x98, 0xff, 0xff, 0xff, 0x08, 0x00, 0x00, 0x00,
  0xeb, 0xff, 0xff, 0xff, 0xe2, 0xf8, 0xff, 0xff, 0x04, 0x00, 0x00, 0x00,
  0xc0, 0x00, 0x00, 0x00, 0x68, 0x97, 0x36, 0x26, 0x5d, 0xc5, 0xab, 0x0c,
  0x06, 0x9d, 0x2a, 0xff, 0x20, 0x75, 0xf3, 0x38, 0xa8, 0xb1, 0xa7, 0xf4,
  0x81, 0x4d, 0xdb, 0x16, 0x0a, 0xcd, 0x66, 0x5f, 0x49, 0x75, 0xb9, 0x7a,
  0x3d, 0xec, 0xfc, 0xab, 0xca, 0xc4, 0x7f, 0xa5, 0xe0, 0x98, 0xd2, 0x64,
  0xc2, 0x4d, 0x76, 0xcc, 0x7f, 0xb5, 0xa3, 0x17, 0xb9, 0x0b, 0x57, 0x14,
  0x4a, 0x35, 0x6a, 0xbb, 0x3e, 0x8f, 0x93, 0xe5, 0x18, 0x9f, 0xd5, 0x74,
  0xfb, 0x27, 0x47, 0xc8, 0x56, 0x12, 0x22, 0xb8, 0x8d, 0x50, 0x47, 0xc6,
  0xe4, 0x7f, 0x72, 0x58, 0x3f, 0xca, 0x4e, 0xb7, 0x17, 0xef, 0xa0, 0xaf,
  0x16, 0x26, 0xbf, 0x5a, 0x50, 0x14, 0x3c, 0x12, 0x85, 0x20, 0x6d, 0x38,
  0x50, 0x64, 0x44, 0x81, 0x1b, 0xed, 0xa6, 0x6f, 0xd1, 0x0f, 0x2e, 0x53,
  0x56, 0x48, 0xef, 0xa5, 0xc2, 0x38, 0x7f, 0x11, 0xbe, 0x7f, 0x1a, 0xd2,
  0xe4, 0xcf, 0xef, 0x61, 0xda, 0xb3, 0x3c, 0xa2, 0x57, 0x79, 0x60, 0xe7,
  0x58, 0xab, 0xd7, 0x4f, 0x40, 0xff, 0x0c, 0xe5, 0xaa, 0xb0, 0x4a, 0xa4,
  0x7f, 0xe7, 0xc1, 0xfe, 0x15, 0x9e, 0x05, 0x00, 0x1f, 0xca, 0x2b, 0x4b,
  0xc3, 0x23, 0x2b, 0xbb, 0xfc, 0x85, 0x72, 0x07, 0xce, 0xb8, 0x42, 0xeb,
  0x11, 0x8d, 0x2e, 0x82, 0xe8, 0xcc, 0xa6, 0x27, 0xe8, 0xef, 0x81, 0x1f,
  0x52, 0xfc, 0x14, 0x4a, 0xae, 0xf9, 0xff, 0xff, 0x04, 0x00, 0x00, 0x00,
  0x20, 0x00, 0x00, 0x00, 0x8a, 0xff, 0xff, 0xff, 0xbb, 0xff, 0xff, 0xff,
  0x21, 0x01, 0x00, 0x00, 0x42, 0x00, 0x00, 0x00, 0xba, 0xff, 0xff, 0xff,
  0xb7, 0x00, 0x00, 0x00, 0x93, 0xff, 0xff, 0xff, 0x98, 0xff, 0xff, 0xff,
  0xda, 0xf9, 0xff, 0xff, 0x04, 0x00, 0x00, 0x00, 0xc0, 0x03, 0x00, 0x00,
  0x58, 0x44, 0xd8, 0x68, 0x8d, 0x35, 0xaa, 0xfb, 0x9a, 0xc9, 0x1a, 0x0a,
  0xa7, 0x28, 0x77, 0xf4, 0x42, 0xa2, 0x46, 0x58, 0x1f, 0x42, 0x9f, 0xd7,
  0xc7, 0xfb, 0x81, 0xc6, 0x6e, 0xbc, 0x78, 0xa5, 0x08, 0x0c, 0xc5, 0x79,
  0xee, 0xc0, 0xbb, 0x71, 0x00, 0x10, 0x14, 0x4b, 0x48, 0xfc, 0x7f, 0xfa,
  0x4c, 0xa3, 0x44, 0x1c, 0xc9, 0xb3, 0xd3, 0x13, 0xd4, 0x41, 0x0a, 0x09,
  0x19, 0x22, 0xf6, 0xd7, 0x27, 0xe4, 0x38, 0x01, 0x01, 0x31, 0xf8, 0xcc,
  0xd3, 0xbc, 0x26, 0xd5, 0x20, 0x59, 0xcd, 0xad, 0x64, 0x98, 0xa6, 0x98,
  0x0e, 0x0f, 0x9b, 0x58, 0x4d, 0x1a, 0xef, 0x35, 0x2f, 0x0b, 0x9a, 0xff,
  0xcd, 0x52, 0x55, 0x8e, 0x05, 0x37, 0x14, 0xb8, 0xc3, 0x32, 0x81, 0xaa,
  0x51, 0x1e, 0xb9, 0x7b, 0x5a, 0x3f, 0x49, 0x6d, 0xdd, 0xc1, 0x5a, 0x42,
  0xd3, 0x3a, 0x05, 0xe0, 0x7f, 0x61, 0x3c, 0xfd, 0xa3, 0x87, 0xbd, 0xda,
  0x05, 0xc2, 0xdf, 0x0d, 0x2b, 0x2b, 0x43, 0x78, 0xd4, 0x46, 0x13, 0xc1,
  0xe2, 0xe3, 0x48, 0x03, 0xc1, 0xdc, 0x9b, 0x1f, 0xd4, 0xed, 0x29, 0xe9,
  0xd8, 0x38, 0x3c, 0x8b, 0x24, 0xb7, 0x7f, 0x1f, 0x24, 0xe3, 0x66, 0x36,
  0xd9, 0xf3, 0x0f, 0xf3, 0xba, 0xea, 0x09, 0xe9, 0x25, 0x19, 0x12, 0x04,
  0xa2, 0x2a, 0x6f, 0x48, 0xd1, 0x15, 0x77, 0x7b, 0xd5, 0x17, 0xec, 0xec,
  0x55, 0x06, 0x31, 0x9b, 0xeb, 0x0f, 0xdb, 0x1d, 0x7f, 0x44, 0xe5, 0x40,
  0x6b, 0xa2, 0x18, 0x4a, 0x6d, 0x3e, 0x99, 0xbd, 0x58, 0x12, 0x90, 0x2b,
  0xd2, 0x25, 0x4c, 0xbb, 0xe2, 0x1e, 0x44, 0x4b, 0xb8, 0x71, 0x52, 0x4e,
  0x58, 0x92, 0xd2, 0x89, 0x24, 0xbd, 0xb8, 0x0a, 0x1f, 0xd0, 0x75, 0xc8,
  0x7f, 0xd9, 0x88, 0xc0, 0x91, 0xbf, 0xd8, 0xbd, 0x99, 0xf7, 0xd1, 0x9a,
  0x21, 0xd6, 0xd9, 0xed, 0x49, 0x0c, 0x2e, 0xc1, 0x09, 0x61, 0x55, 0x46,
  0x21, 0xe0, 0x03, 0x5a, 0x4d, 0xf5, 0x04, 0x55, 0x64, 0x71, 0xad, 0x82,
  0x98, 0xca, 0x84, 0xf9, 0x46, 0x8a, 0x09, 0x8f, 0x51, 0x01, 0xe5, 0x25,
  0x74, 0xdd, 0xca, 0x98, 0xa9, 0x46, 0xe9, 0xfc, 0x09, 0xce, 0x08, 0xaa,
  0xbe, 0x39, 0x7f, 0xf2, 0x96, 0x2e, 0xe7, 0xf8, 0xd4, 0xa1, 0x24, 0xdd,
  0xc8, 0xee, 0x3a, 0xdd, 0x76, 0x2b, 0xc5, 0xc9, 0xcb, 0x32, 0xb2, 0x4c,
  0x2b, 0xd6, 0x43, 0x64, 0x0b, 0xa9, 0x61, 0x67, 0xa0, 0xcd, 0xbf, 0x4f,
  0x69, 0xa9, 0xad, 0xe2, 0xf0, 0xc8, 0x30, 0x90, 0x9e, 0x81, 0x11, 0xb3,
  0x0d, 0xed, 0xd1, 0xb0, 0xf4, 0x22, 0x9d, 0x59, 0x18, 0xd5, 0xe9, 0x10,
  0xde, 0x23, 0x16, 0x5a, 0xc5, 0x3f, 0x41, 0x30, 0xa0, 0xe8, 0xec, 0x55,
  0xb8, 0xd7, 0xcd, 0xce, 0x08, 0x42, 0x99, 0x98, 0x46, 0x5c, 0x81, 0x1b,
  0x62, 0xcb, 0x14, 0xc7, 0x60, 0xd4, 0xc2, 0x10, 0x28, 0xc2, 0x15, 0xf5,
  0x08, 0xe4, 0x8a, 0x30, 0x46, 0xa7, 0x01, 0x81, 0x4e, 0xc6, 0x0f, 0x0b,
  0x17, 0x57, 0x99, 0xa3, 0xd8, 0x79, 0x4a, 0xed, 0xc5, 0x72, 0x98, 0x08,
  0x2d, 0x73, 0xe0, 0xef, 0x22, 0x95, 0xbb, 0xc4, 0x88, 0xa3, 0x38, 0x47,
  0xdb, 0x11, 0x48, 0x43, 0xa5, 0x58, 0x07, 0x94, 0x33, 0x59, 0xb6, 0x11,
  0x0b, 0x11, 0xeb, 0xc4, 0xb3, 0x28, 0x2e, 0xe9, 0xf6, 0x66, 0x51, 0x13,
  0x12, 0x6f, 0xb4, 0xc0, 0xe7, 0x42, 0x81, 0xb6, 0xd6, 0x3d, 0xc2, 0x4e,
  0x36, 0x34, 0x72, 0xe2, 0x2a, 0x2e, 0x33, 0x5e, 0xc6, 0x5b, 0x2e, 0x48,
  0x0a, 0xe9, 0x9b, 0x9a, 0x75, 0x14, 0x4e, 0xc2, 0x81, 0xde, 0x15, 0xdd,
  0xbb, 0xb1, 0x57, 0x49, 0xc5, 0x43, 0x39, 0xd6, 0xcc, 0xa4, 0x93, 0xb5,
  0xab, 0x57, 0xa3, 0xed, 0x98, 0x44, 0xce, 0x4d, 0x59, 0xa5, 0xdd, 0xda,
  0x56, 0xad, 0x1b, 0x41, 0xd2, 0x57, 0x7f, 0x34, 0x0d, 0x11, 0x12, 0xc8,
  0xda, 0x95, 0x25, 0xae, 0x14, 0xb9, 0xb4, 0x1a, 0xc9, 0x2f, 0x20, 0x37,
  0x26, 0x22, 0x50, 0x49, 0x0a, 0x3d, 0x45, 0xe0, 0xc5, 0xa2, 0xc3, 0xda,
  0xda, 0xd4, 0x12, 0x00, 0x09, 0x17, 0x4e, 0x2c, 0x1b, 0xfa, 0x33, 0x63,
  0xdc, 0x57, 0x6c, 0xfa, 0xd4, 0x9f, 0xc7, 0xff, 0x45, 0xca, 0xfc, 0xd5,
  0xe3, 0xd3, 0x09, 0x04, 0xdc, 0xa8, 0x7f, 0x37, 0xcb, 0xe0, 0x49, 0x2a,
  0xf9, 0xf7, 0x43, 0xbd, 0xcb, 0x11, 0x48, 0xcd, 0xfb, 0xa6, 0x06, 0xbf,
  0xb2, 0x13, 0x20, 0x5b, 0x7c, 0x1c, 0xea, 0xc9, 0xad, 0xdd, 0xd6, 0x09,
  0xdb, 0x81, 0x30, 0x5a, 0x9d, 0x53, 0x44, 0x58, 0xb2, 0x1a, 0x6d, 0x92,
  0x2a, 0xa8, 0xc6, 0x72, 0x3f, 0xa5, 0x19, 0x91, 0xe6, 0xb2, 0x15, 0xcd,
  0xa0, 0x9d, 0x1d, 0xc9, 0x15, 0x2e, 0x7f, 0x13, 0x60, 0xce, 0x75, 0x09,
  0x3d, 0xca, 0xbf, 0xe0, 0xbf, 0xb1, 0xe7, 0x23, 0xea, 0xfd, 0x0c, 0x0c,
  0x07, 0xea, 0xf9, 0x57, 0x37, 0x6e, 0x62, 0x48, 0xf9, 0x22, 0x01, 0xc1,
  0x18, 0xca, 0xab, 0x17, 0x4f, 0x57, 0x1c, 0xbe, 0xbe, 0x6d, 0xce, 0xd6,
  0xd6, 0xc1, 0x9e, 0xc1, 0xc2, 0x54, 0xdc, 0x50, 0x2f, 0x79, 0xb7, 0xef,
  0x7f, 0x45, 0xa3, 0x25, 0x0c, 0x73, 0xc4, 0x45, 0x6b, 0xed, 0x0a, 0x13,
  0xe1, 0xb3, 0xfa, 0xae, 0x14, 0x50, 0xb3, 0x6a, 0x9a, 0x27, 0x63, 0x2a,
  0x61, 0x9a, 0xdf, 0xae, 0x54, 0xae, 0x39, 0x5b, 0x5d, 0xb7, 0x87, 0xd4,
  0x0d, 0x3d, 0x4f, 0xcf, 0x59, 0xb4, 0xb4, 0x8f, 0x5a, 0x66, 0x30, 0xc3,
  0x2b, 0xf9, 0xb9, 0x40, 0x27, 0x0f, 0x3e, 0xc9, 0x15, 0xb6, 0x2a, 0xfe,
  0x47, 0x0a, 0x3d, 0x7f, 0x23, 0xd4, 0x3a, 0xd8, 0x23, 0xbf, 0x07, 0x57,
  0xeb, 0x10, 0x36, 0xd8, 0x97, 0xd2, 0x1f, 0x26, 0x25, 0x60, 0x3e, 0xd4,
  0xe4, 0x52, 0xe3, 0x32, 0xdb, 0xdd, 0xea, 0xb1, 0xbe, 0x7f, 0x7e, 0xda,
  0x2e, 0x9f, 0xaa, 0xfe, 0xf7, 0x10, 0xa4, 0x18, 0xdc, 0xc7, 0x3c, 0xbf,
  0x86, 0xc5, 0xc5, 0x1a, 0x37, 0x29, 0xfa, 0x68, 0x12, 0xd5, 0x28, 0xe6,
  0x3e, 0xd6, 0xdc, 0xb5, 0xd7, 0x5a, 0xaa, 0xf5, 0x90, 0x26, 0x26, 0x4c,
  0x63, 0xd0, 0x39, 0x09, 0xdb, 0x5f, 0xde, 0x81, 0xd4, 0xcd, 0x9c, 0xce,
  0x03, 0xfc, 0x81, 0xef, 0x53, 0x45, 0xa5, 0xac, 0xd7, 0x3a, 0x90, 0x05,
  0xa8, 0x02, 0x05, 0xc5, 0xae, 0xab, 0xae, 0x40, 0xc0, 0x51, 0xa4, 0x1c,
  0x55, 0xfa, 0x22, 0x38, 0x39, 0xb5, 0x07, 0x1b, 0x07, 0xdc, 0x3b, 0xfe,
  0x4f, 0x23, 0xbd, 0xd0, 0x3c, 0x39, 0xb0, 0x0c, 0x5f, 0x81, 0x8f, 0x3c,
  0xe7, 0x6b, 0x1c, 0x8f, 0xea, 0xe9, 0x1c, 0x2e, 0x31, 0x1e, 0xed, 0xd6,
  0x05, 0xdf, 0xfb, 0x25, 0x45, 0x3b, 0xb0, 0xeb, 0x56, 0x17, 0xe8, 0x15,
  0x45, 0xd5, 0xe3, 0x2e, 0x58, 0x58, 0x0f, 0x1d, 0xfd, 0x5a, 0x96, 0x16,
  0xa8, 0xf1, 0xbd, 0x3e, 0x4f, 0xc5, 0xbd, 0x0e, 0xfa, 0x54, 0x14, 0xe6,
  0x70, 0x0a, 0x9a, 0x48, 0x7a, 0xc5, 0xb8, 0x15, 0x29, 0x5f, 0x04, 0x2c,
  0xaa, 0x7f, 0x11, 0x57, 0xdc, 0xeb, 0xef, 0x38, 0x56, 0x95, 0x16, 0xbf,
  0xa6, 0xfd, 0xff, 0xff, 0x04, 0x00, 0x00, 0x00, 0x60, 0x00, 0x00, 0x00,
  0x4c, 0xff, 0xff, 0xff, 0xe0, 0x01, 0x00, 0x00, 0x4d, 0x02, 0x00, 0x00,
  0x85, 0x05, 0x00, 0x00, 0x78, 0x02, 0x00, 0x00, 0x1d, 0x01, 0x00, 0x00,
  0xb8, 0xfc, 0xff, 0xff, 0x0d, 0x01, 0x00, 0x00, 0xaf, 0xfd, 0xff, 0xff,
  0x53, 0xfe, 0xff, 0xff, 0x47, 0x00, 0x00, 0x00, 0xbc, 0xfe, 0xff, 0xff,
  0xe0, 0xfd, 0xff, 0xff, 0x83, 0x01, 0x00, 0x00, 0xdd, 0x00, 0x00, 0x00,
  0x5c, 0x01, 0x00, 0x00, 0xa2, 0x01, 0x00, 0x00, 0x4e, 0x02, 0x00, 0x00,
  0xba, 0xfe, 0xff, 0xff, 0x2a, 0x06, 0x00, 0x00, 0xbe, 0xfc, 0xff, 0xff,
  0x8a, 0xfd, 0xff, 0xff, 0x46, 0xfe, 0xff, 0xff, 0x90, 0x00, 0x00, 0x00,
  0x12, 0xfe, 0xff, 0xff, 0x04, 0x00, 0x00, 0x00, 0x30, 0x00, 0x00, 0x00,
  0x12, 0x33, 0x5b, 0xfa, 0x81, 0xe5, 0xbd, 0xec, 0x34, 0x53, 0x46, 0xc0,
  0xfd, 0xf0, 0x93, 0xa1, 0xa3, 0xd7, 0x5d, 0x40, 0xf4, 0x29, 0x40, 0xb1,
  0xd9, 0x50, 0xeb, 0x28, 0xb6, 0x63, 0x13, 0xf7, 0x23, 0x2c, 0xc3, 0x99,
  0xf5, 0x78, 0x1b, 0x2b, 0xca, 0xaf, 0xa4, 0xa0, 0xfb, 0x27, 0x9c, 0x81,
  0x4e, 0xfe, 0xff, 0xff, 0x04, 0x00, 0x00, 0x00, 0x08, 0x00, 0x00, 0x00,
  0x25, 0xff, 0xff, 0xff, 0xf0, 0x00, 0x00, 0x00, 0x62, 0xfe, 0xff, 0xff,
  0x04, 0x00, 0x00, 0x00, 0x0c, 0x00, 0x00, 0x00, 0xff, 0xff, 0xff, 0xff,
  0x0a, 0x00, 0x00, 0x00, 0x08, 0x00, 0x00, 0x00, 0x7a, 0xfe, 0xff, 0xff,
  0x04, 0x00, 0x00, 0x00, 0x04, 0x00, 0x00, 0x00, 0x01, 0x00, 0x00, 0x00,
  0x8a, 0xfe, 0xff, 0xff, 0x04, 0x00, 0x00, 0x00, 0x0c, 0x00, 0x00, 0x00,
  0xff, 0xff, 0xff, 0xff, 0x32, 0x00, 0x00, 0x00, 0x08, 0x00, 0x00, 0x00,
  0xa2, 0xfe, 0xff, 0xff, 0x04, 0x00, 0x00, 0x00, 0x04, 0x00, 0x00, 0x00,
  0xfd, 0xff, 0xff, 0xff, 0xac, 0xdc, 0xff, 0xff, 0xb0, 0xdc, 0xff, 0xff,
  0xb4, 0xdc, 0xff, 0xff, 0x0f, 0x00, 0x00, 0x00, 0x4d, 0x4c, 0x49, 0x52,
  0x20, 0x43, 0x6f, 0x6e, 0x76, 0x65, 0x72, 0x74, 0x65, 0x64, 0x2e, 0x00,
  0x01, 0x00, 0x00, 0x00, 0x14, 0x00, 0x00, 0x00, 0x00, 0x00, 0x0e, 0x00,
  0x18, 0x00, 0x14, 0x00, 0x10, 0x00, 0x0c, 0x00, 0x08, 0x00, 0x04, 0x00,
  0x0e, 0x00, 0x00, 0x00, 0x14, 0x00, 0x00, 0x00, 0x1c, 0x00, 0x00, 0x00,
  0xf0, 0x03, 0x00, 0x00, 0xf4, 0x03, 0x00, 0x00, 0xfc, 0x03, 0x00, 0x00,
  0x04, 0x00, 0x00, 0x00, 0x6d, 0x61, 0x69, 0x6e, 0x00, 0x00, 0x00, 0x00,
  0x10, 0x00, 0x00, 0x00, 0x98, 0x03, 0x00, 0x00, 0x50, 0x03, 0x00, 0x00,
  0x0c, 0x03, 0x00, 0x00, 0xac, 0x02, 0x00, 0x00, 0x84, 0x02, 0x00, 0x00,
  0x44, 0x02, 0x00, 0x00, 0xf0, 0x01, 0x00, 0x00, 0xb8, 0x01, 0x00, 0x00,
  0x84, 0x01, 0x00, 0x00, 0x40, 0x01, 0x00, 0x00, 0x18, 0x01, 0x00, 0x00,
  0xe4, 0x00, 0x00, 0x00, 0xa4, 0x00, 0x00, 0x00, 0x6c, 0x00, 0x00, 0x00,
  0x38, 0x00, 0x00, 0x00, 0x04, 0x00, 0x00, 0x00, 0x3a, 0xfd, 0xff, 0xff,
  0x14, 0x00, 0x00, 0x00, 0x00, 0x00, 0x00, 0x09, 0x14, 0x00, 0x00, 0x00,
  0x18, 0x00, 0x00, 0x00, 0x07, 0x00, 0x00, 0x00, 0x6a, 0xff, 0xff, 0xff,
  0x00, 0x00, 0x80, 0x3f, 0x01, 0x00, 0x00, 0x00, 0x21, 0x00, 0x00, 0x00,
  0x01, 0x00, 0x00, 0x00, 0x20, 0x00, 0x00, 0x00, 0x2a, 0xfd, 0xff, 0xff,
  0x10, 0x00, 0x00, 0x00, 0x00, 0x00, 0x00, 0x08, 0x0c, 0x00, 0x00, 0x00,
  0x10, 0x00, 0x00, 0x00, 0x90, 0xdd, 0xff, 0xff, 0x01, 0x00, 0x00, 0x00,
  0x20, 0x00, 0x00, 0x00, 0x03, 0x00, 0x00, 0x00, 0x1f, 0x00, 0x00, 0x00,
  0x07, 0x00, 0x00, 0x00, 0x06, 0x00, 0x00, 0x00, 0x5a, 0xfd, 0xff, 0xff,
  0x10, 0x00, 0x00, 0x00, 0x00, 0x00, 0x00, 0x08, 0x10, 0x00, 0x00, 0x00,
  0x14, 0x00, 0x00, 0x00, 0x06, 0xfd, 0xff, 0xff, 0x00, 0x00, 0x00, 0x01,
  0x01, 0x00, 0x00, 0x00, 0x1f, 0x00, 0x00, 0x00, 0x03, 0x00, 0x00, 0x00,
  0x1e, 0x00, 0x00, 0x00, 0x09, 0x00, 0x00, 0x00, 0x08, 0x00, 0x00, 0x00,
  0xda, 0xfe, 0xff, 0xff, 0x1c, 0x00, 0x00, 0x00, 0x00, 0x00, 0x00, 0x0a,
  0x1c, 0x00, 0x00, 0x00, 0x20, 0x00, 0x00, 0x00, 0x06, 0x00, 0x00, 0x00,
  0x00, 0x00, 0x06, 0x00, 0x08, 0x00, 0x04, 0x00, 0x06, 0x00, 0x00, 0x00,
  0xff, 0xff, 0xff, 0xff, 0x01, 0x00, 0x00, 0x00, 0x1e, 0x00, 0x00, 0x00,
  0x02, 0x00, 0x00, 0x00, 0x1d, 0x00, 0x00, 0x00, 0x13, 0x00, 0x00, 0x00,
  0x0a, 0xfe, 0xff, 0xff, 0x14, 0x00, 0x00, 0x00, 0x00, 0x00, 0x00, 0x1b,
  0x10, 0x00, 0x00, 0x00, 0x14, 0x00, 0x00, 0x00, 0x05, 0x00, 0x00, 0x00,
  0x34, 0xde, 0xff, 0xff, 0x01, 0x00, 0x00, 0x00, 0x1d, 0x00, 0x00, 0x00,
  0x02, 0x00, 0x00, 0x00, 0x1c, 0x00, 0x00, 0x00, 0x04, 0x00, 0x00, 0x00,
  0xb6, 0xfe, 0xff, 0xff, 0x0c, 0x00, 0x00, 0x00, 0x10, 0x00, 0x00, 0x00,
  0x03, 0x00, 0x00, 0x00, 0x01, 0x00, 0x00, 0x00, 0x1c, 0x00, 0x00, 0x00,
  0x02, 0x00, 0x00, 0x00, 0x1b, 0x00, 0x00, 0x00, 0x05, 0x00, 0x00, 0x00,
  0x5e, 0xfe, 0xff, 0xff, 0x14, 0x00, 0x00, 0x00, 0x00, 0x00, 0x00, 0x01,
  0x1c, 0x00, 0x00, 0x00, 0x20, 0x00, 0x00, 0x00, 0x02, 0x00, 0x00, 0x00,
  0xac, 0xfe, 0xff, 0xff, 0x00, 0x00, 0x00, 0x01, 0x01, 0x00, 0x00, 0x00,
  0x01, 0x00, 0x00, 0x00, 0x01, 0x00, 0x00, 0x00, 0x1b, 0x00, 0x00, 0x00,
  0x03, 0x00, 0x00, 0x00, 0x1a, 0x00, 0x00, 0x00, 0x0b, 0x00, 0x00, 0x00,
  0x0a, 0x00, 0x00, 0x00, 0x9e, 0xfe, 0xff, 0xff, 0x14, 0x00, 0x00, 0x00,
  0x00, 0x00, 0x00, 0x34, 0x10, 0x00, 0x00, 0x00, 0x14, 0x00, 0x00, 0x00,
  0x01, 0x00, 0x00, 0x00, 0xc8, 0xde, 0xff, 0xff, 0x01, 0x00, 0x00, 0x00,
  0x1a, 0x00, 0x00, 0x00, 0x02, 0x00, 0x00, 0x00, 0x19, 0x00, 0x00, 0x00,
  0x02, 0x00, 0x00, 0x00, 0x4a, 0xff, 0xff, 0xff, 0x0c, 0x00, 0x00, 0x00,
  0x10, 0x00, 0x00, 0x00, 0x03, 0x00, 0x00, 0x00, 0x01, 0x00, 0x00, 0x00,
  0x19, 0x00, 0x00, 0x00, 0x02, 0x00, 0x00, 0x00, 0x18, 0x00, 0x00, 0x00,
  0x05, 0x00, 0x00, 0x00, 0x00, 0x00, 0x0e, 0x00, 0x1a, 0x00, 0x14, 0x00,
  0x10, 0x00, 0x0c, 0x00, 0x0b, 0x00, 0x04, 0x00, 0x0e, 0x00, 0x00, 0x00,
  0x24, 0x00, 0x00, 0x00, 0x00, 0x00, 0x00, 0x05, 0x34, 0x00, 0x00, 0x00,
  0x38, 0x00, 0x00, 0x00, 0x04, 0x00, 0x00, 0x00, 0x00, 0x00, 0x0e, 0x00,
  0x18, 0x00, 0x17, 0x00, 0x10, 0x00, 0x0c, 0x00, 0x08, 0x00, 0x04, 0x00,
  0x0e, 0x00, 0x00, 0x00, 0x01, 0x00, 0x00, 0x00, 0x05, 0x00, 0x00, 0x00,
  0x01, 0x00, 0x00, 0x00, 0x05, 0x00, 0x00, 0x00, 0x00, 0x00, 0x00, 0x01,
  0x01, 0x00, 0x00, 0x00, 0x18, 0x00, 0x00, 0x00, 0x01, 0x00, 0x00, 0x00,
  0x17, 0x00, 0x00, 0x00, 0x52, 0xff, 0xff, 0xff, 0x14, 0x00, 0x00, 0x00,
  0x00, 0x00, 0x00, 0x34, 0x10, 0x00, 0x00, 0x00, 0x14, 0x00, 0x00, 0x00,
  0x01, 0x00, 0x00, 0x00, 0x7c, 0xdf, 0xff, 0xff, 0x01, 0x00, 0x00, 0x00,
  0x17, 0x00, 0x00, 0x00, 0x02, 0x00, 0x00, 0x00, 0x16, 0x00, 0x00, 0x00,
  0x04, 0x00, 0x00, 0x00, 0x00, 0x00, 0x0a, 0x00, 0x10, 0x00, 0x0c, 0x00,
  0x08, 0x00, 0x04, 0x00, 0x0a, 0x00, 0x00, 0x00, 0x0c, 0x00, 0x00, 0x00,
  0x10, 0x00, 0x00, 0x00, 0x03, 0x00, 0x00, 0x00, 0x01, 0x00, 0x00, 0x00,
  0x16, 0x00, 0x00, 0x00, 0x02, 0x00, 0x00, 0x00, 0x15, 0x00, 0x00, 0x00,
  0x03, 0x00, 0x00, 0x00, 0xb2, 0xff, 0xff, 0xff, 0x20, 0x00, 0x00, 0x00,
  0x00, 0x00, 0x00, 0x01, 0x28, 0x00, 0x00, 0x00, 0x2c, 0x00, 0x00, 0x00,
  0x02, 0x00, 0x00, 0x00, 0x0c, 0x00, 0x10, 0x00, 0x00, 0x00, 0x0c, 0x00,
  0x08, 0x00, 0x07, 0x00, 0x0c, 0x00, 0x00, 0x00, 0x00, 0x00, 0x00, 0x01,
  0x01, 0x00, 0x00, 0x00, 0x01, 0x00, 0x00, 0x00, 0x01, 0x00, 0x00, 0x00,
  0x15, 0x00, 0x00, 0x00, 0x03, 0x00, 0x00, 0x00, 0x14, 0x00, 0x00, 0x00,
  0x0d, 0x00, 0x00, 0x00, 0x0c, 0x00, 0x00, 0x00, 0x00, 0x00, 0x0e, 0x00,
  0x18, 0x00, 0x14, 0x00, 0x10, 0x00, 0x0c, 0x00, 0x0b, 0x00, 0x04, 0x00,
  0x0e, 0x00, 0x00, 0x00, 0x14, 0x00, 0x00, 0x00, 0x00, 0x00, 0x00, 0x34,
  0x10, 0x00, 0x00, 0x00, 0x14, 0x00, 0x00, 0x00, 0x01, 0x00, 0x00, 0x00,
  0x38, 0xe0, 0xff, 0xff, 0x01, 0x00, 0x00, 0x00, 0x14, 0x00, 0x00, 0x00,
  0x02, 0x00, 0x00, 0x00, 0x00, 0x00, 0x00, 0x00, 0x02, 0x00, 0x00, 0x00,
  0x00, 0x00, 0x0e, 0x00, 0x14, 0x00, 0x00, 0x00, 0x10, 0x00, 0x0c, 0x00,
  0x0b, 0x00, 0x04, 0x00, 0x0e, 0x00, 0x00, 0x00, 0x10, 0x00, 0x00, 0x00,
  0x00, 0x00, 0x00, 0x08, 0x10, 0x00, 0x00, 0x00, 0x14, 0x00, 0x00, 0x00,
  0xba, 0xff, 0xff, 0xff, 0x00, 0x00, 0x00, 0x01, 0x01, 0x00, 0x00, 0x00,
  0x13, 0x00, 0x00, 0x00, 0x03, 0x00, 0x00, 0x00, 0x12, 0x00, 0x00, 0x00,
  0x0f, 0x00, 0x00, 0x00, 0x0e, 0x00, 0x00, 0x00, 0x00, 0x00, 0x0e, 0x00,
  0x16, 0x00, 0x00, 0x00, 0x10, 0x00, 0x0c, 0x00, 0x0b, 0x00, 0x04, 0x00,
  0x0e, 0x00, 0x00, 0x00, 0x18, 0x00, 0x00, 0x00, 0x00, 0x00, 0x00, 0x08,
  0x18, 0x00, 0x00, 0x00, 0x1c, 0x00, 0x00, 0x00, 0x00, 0x00, 0x06, 0x00,
  0x08, 0x00, 0x07, 0x00, 0x06, 0x00, 0x00, 0x00, 0x00, 0x00, 0x00, 0x01,
  0x01, 0x00, 0x00, 0x00, 0x12, 0x00, 0x00, 0x00, 0x03, 0x00, 0x00, 0x00,
  0x01, 0x00, 0x00, 0x00, 0x11, 0x00, 0x00, 0x00, 0x10, 0x00, 0x00, 0x00,
  0x01, 0x00, 0x00, 0x00, 0x21, 0x00, 0x00, 0x00, 0x02, 0x00, 0x00, 0x00,
  0x00, 0x00, 0x00, 0x00, 0x01, 0x00, 0x00, 0x00, 0x22, 0x00, 0x00, 0x00,
  0xc0, 0x1f, 0x00, 0x00, 0x24, 0x1f, 0x00, 0x00, 0xe4, 0x1e, 0x00, 0x00,
  0x6c, 0x1e, 0x00, 0x00, 0x30, 0x1e, 0x00, 0x00, 0xf0, 0x1d, 0x00, 0x00,
  0x70, 0x1d, 0x00, 0x00, 0xf4, 0x1c, 0x00, 0x00, 0x50, 0x1b, 0x00, 0x00,
  0xcc, 0x19, 0x00, 0x00, 0x70, 0x18, 0x00, 0x00, 0x9c, 0x17, 0x00, 0x00,
  0x40, 0x16, 0x00, 0x00, 0x6c, 0x15, 0x00, 0x00, 0x68, 0x13, 0x00, 0x00,
  0x84, 0x11, 0x00, 0x00, 0xc0, 0x0e, 0x00, 0x00, 0x1c, 0x0c, 0x00, 0x00,
  0x58, 0x0b, 0x00, 0x00, 0x94, 0x0a, 0x00, 0x00, 0xf0, 0x09, 0x00, 0x00,
  0xc4, 0x08, 0x00, 0x00, 0xc4, 0x07, 0x00, 0x00, 0x1c, 0x07, 0x00, 0x00,
  0x80, 0x06, 0x00, 0x00, 0xe0, 0x05, 0x00, 0x00, 0x38, 0x05, 0x00, 0x00,
  0x0c, 0x04, 0x00, 0x00, 0x0c, 0x03, 0x00, 0x00, 0x74, 0x02, 0x00, 0x00,
  0xe8, 0x01, 0x00, 0x00, 0x24, 0x01, 0x00, 0x00, 0x80, 0x00, 0x00, 0x00,
  0x04, 0x00, 0x00, 0x00, 0xde, 0xe0, 0xff, 0xff, 0x00, 0x00, 0x00, 0x01,
  0x18, 0x00, 0x00, 0x00, 0x20, 0x00, 0x00, 0x00, 0x3c, 0x00, 0x00, 0x00,
  0x22, 0x00, 0x00, 0x00, 0x00, 0x00, 0x00, 0x09, 0x50, 0x00, 0x00, 0x00,
  0x02, 0x00, 0x00, 0x00, 0xff, 0xff, 0xff, 0xff, 0x02, 0x00, 0x00, 0x00,
  0xc4, 0xe0, 0xff, 0xff, 0x08, 0x00, 0x00, 0x00, 0x10, 0x00, 0x00, 0x00,
  0x01, 0x00, 0x00, 0x00, 0x80, 0xff, 0xff, 0xff, 0xff, 0xff, 0xff, 0xff,
  0x01, 0x00, 0x00, 0x00, 0x00, 0x00, 0x80, 0x3b, 0x1b, 0x00, 0x00, 0x00,
  0x53, 0x74, 0x61, 0x74, 0x65, 0x66, 0x75, 0x6c, 0x50, 0x61, 0x72, 0x74,
  0x69, 0x74, 0x69, 0x6f, 0x6e, 0x65, 0x64, 0x43, 0x61, 0x6c, 0x6c, 0x5f,
  0x31, 0x3a, 0x30, 0x00, 0x02, 0x00, 0x00, 0x00, 0x01, 0x00, 0x00, 0x00,
  0x02, 0x00, 0x00, 0x00, 0x56, 0xe1, 0xff, 0xff, 0x00, 0x00, 0x00, 0x01,
  0x18, 0x00, 0x00, 0x00, 0x20, 0x00, 0x00, 0x00, 0x3c, 0x00, 0x00, 0x00,
  0x21, 0x00, 0x00, 0x00, 0x00, 0x00, 0x00, 0x09, 0x78, 0x00, 0x00, 0x00,
  0x02, 0x00, 0x00, 0x00, 0xff, 0xff, 0xff, 0xff, 0x02, 0x00, 0x00, 0x00,
  0x3c, 0xe1, 0xff, 0xff, 0x08, 0x00, 0x00, 0x00, 0x10, 0x00, 0x00, 0x00,
  0x01, 0x00, 0x00, 0x00, 0x1b, 0x00, 0x00, 0x00, 0x00, 0x00, 0x00, 0x00,
  0x01, 0x00, 0x00, 0x00, 0x66, 0xad, 0x5d, 0x3d, 0x40, 0x00, 0x00, 0x00,
  0x66, 0x75, 0x6e, 0x63, 0x74, 0x69, 0x6f, 0x6e, 0x61, 0x6c, 0x5f, 0x31,
  0x5f, 0x31, 0x2f, 0x64, 0x65, 0x6e, 0x73, 0x65, 0x5f, 0x37, 0x5f, 0x31,
  0x2f, 0x4d, 0x61, 0x74, 0x4d, 0x75, 0x6c, 0x3b, 0x66, 0x75, 0x6e, 0x63,
  0x74, 0x69, 0x6f, 0x6e, 0x61, 0x6c, 0x5f, 0x31, 0x5f, 0x31, 0x2f, 0x64,
  0x65, 0x6e, 0x73, 0x65, 0x5f, 0x37, 0x5f, 0x31, 0x2f, 0x42, 0x69, 0x61,
  0x73, 0x41, 0x64, 0x64, 0x00, 0x00, 0x00, 0x00, 0x02, 0x00, 0x00, 0x00,
  0x01, 0x00, 0x00, 0x00, 0x02, 0x00, 0x00, 0x00, 0xf6, 0xe1, 0xff, 0xff,
  0x00, 0x00, 0x00, 0x01, 0x18, 0x00, 0x00, 0x00, 0x20, 0x00, 0x00, 0x00,
  0x40, 0x00, 0x00, 0x00, 0x20, 0x00, 0x00, 0x00, 0x00, 0x00, 0x00, 0x09,
  0x98, 0x00, 0x00, 0x00, 0x02, 0x00, 0x00, 0x00, 0xff, 0xff, 0xff, 0xff,
  0x18, 0x00, 0x00, 0x00, 0xdc, 0xe1, 0xff, 0xff, 0x08, 0x00, 0x00, 0x00,
  0x14, 0x00, 0x00, 0x00, 0x01, 0x00, 0x00, 0x00, 0x80, 0xff, 0xff, 0xff,
  0xff, 0xff, 0xff, 0xff, 0x00, 0x00, 0x00, 0x00, 0x01, 0x00, 0x00, 0x00,
  0xdc, 0x23, 0xca, 0x3c, 0x5e, 0x00, 0x00, 0x00, 0x66, 0x75, 0x6e, 0x63,
  0x74, 0x69, 0x6f, 0x6e, 0x61, 0x6c, 0x5f, 0x31, 0x5f, 0x31, 0x2f, 0x64,
  0x65, 0x6e, 0x73, 0x65, 0x5f, 0x36, 0x5f, 0x31, 0x2f, 0x4d, 0x61, 0x74,
  0x4d, 0x75, 0x6c, 0x3b, 0x66, 0x75, 0x6e, 0x63, 0x74, 0x69, 0x6f, 0x6e,
  0x61, 0x6c, 0x5f, 0x31, 0x5f, 0x31, 0x2f, 0x64, 0x65, 0x6e, 0x73, 0x65,
  0x5f, 0x36, 0x5f, 0x31, 0x2f, 0x52, 0x65, 0x6c, 0x75, 0x3b, 0x66, 0x75,
  0x6e, 0x63, 0x74, 0x69, 0x6f, 0x6e, 0x61, 0x6c, 0x5f, 0x31, 0x5f, 0x31,
  0x2f, 0x64, 0x65, 0x6e, 0x73, 0x65, 0x5f, 0x36, 0x5f, 0x31, 0x2f, 0x42,
  0x69, 0x61, 0x73, 0x41, 0x64, 0x64, 0x00, 0x00, 0x02, 0x00, 0x00, 0x00,
  0x01, 0x00, 0x00, 0x00, 0x18, 0x00, 0x00, 0x00, 0xb6, 0xe2, 0xff, 0xff,
  0x00, 0x00, 0x00, 0x01, 0x18, 0x00, 0x00, 0x00, 0x20, 0x00, 0x00, 0x00,
  0x40, 0x00, 0x00, 0x00, 0x1f, 0x00, 0x00, 0x00, 0x00, 0x00, 0x00, 0x09,
  0x60, 0x00, 0x00, 0x00, 0x02, 0x00, 0x00, 0x00, 0xff, 0xff, 0xff, 0xff,
  0x28, 0x00, 0x00, 0x00, 0x9c, 0xe2, 0xff, 0xff, 0x08, 0x00, 0x00, 0x00,
  0x14, 0x00, 0x00, 0x00, 0x01, 0x00, 0x00, 0x00, 0x80, 0xff, 0xff, 0xff,
  0xff, 0xff, 0xff, 0xff, 0x00, 0x00, 0x00, 0x00, 0x01, 0x00, 0x00, 0x00,
  0xa9, 0x7b, 0xcf, 0x3c, 0x25, 0x00, 0x00, 0x00, 0x66, 0x75, 0x6e, 0x63,
  0x74, 0x69, 0x6f, 0x6e, 0x61, 0x6c, 0x5f, 0x31, 0x5f, 0x31, 0x2f, 0x63,
  0x6f, 0x6e, 0x63, 0x61, 0x74, 0x65, 0x6e, 0x61, 0x74, 0x65, 0x5f, 0x31,
  0x5f, 0x31, 0x2f, 0x63, 0x6f, 0x6e, 0x63, 0x61, 0x74, 0x00, 0x00, 0x00,
  0x02, 0x00, 0x00, 0x00, 0x01, 0x00, 0x00, 0x00, 0x28, 0x00, 0x00, 0x00,
  0x3e, 0xe3, 0xff, 0xff, 0x00, 0x00, 0x00, 0x01, 0x18, 0x00, 0x00, 0x00,
  0x20, 0x00, 0x00, 0x00, 0x40, 0x00, 0x00, 0x00, 0x1e, 0x00, 0x00, 0x00,
  0x00, 0x00, 0x00, 0x09, 0x6c, 0x00, 0x00, 0x00, 0x02, 0x00, 0x00, 0x00,
  0xff, 0xff, 0xff, 0xff, 0x08, 0x00, 0x00, 0x00, 0x24, 0xe3, 0xff, 0xff,
  0x08, 0x00, 0x00, 0x00, 0x14, 0x00, 0x00, 0x00, 0x01, 0x00, 0x00, 0x00,
  0x80, 0xff, 0xff, 0xff, 0xff, 0xff, 0xff, 0xff, 0x00, 0x00, 0x00, 0x00,
  0x01, 0x00, 0x00, 0x00, 0xa9, 0x7b, 0xcf, 0x3c, 0x30, 0x00, 0x00, 0x00,
  0x66, 0x75, 0x6e, 0x63, 0x74, 0x69, 0x6f, 0x6e, 0x61, 0x6c, 0x5f, 0x31,
  0x5f, 0x31, 0x2f, 0x67, 0x6c, 0x6f, 0x62, 0x61, 0x6c, 0x5f, 0x61, 0x76,
  0x65, 0x72, 0x61, 0x67, 0x65, 0x5f, 0x70, 0x6f, 0x6f, 0x6c, 0x69, 0x6e,
  0x67, 0x31, 0x64, 0x5f, 0x31, 0x5f, 0x31, 0x2f, 0x4d, 0x65, 0x61, 0x6e,
  0x00, 0x00, 0x00, 0x00, 0x02, 0x00, 0x00, 0x00, 0x01, 0x00, 0x00, 0x00,
  0x08, 0x00, 0x00, 0x00, 0xd2, 0xe3, 0xff, 0xff, 0x00, 0x00, 0x00, 0x01,
  0x18, 0x00, 0x00, 0x00, 0x24, 0x00, 0x00, 0x00, 0x44, 0x00, 0x00, 0x00,
  0x1d, 0x00, 0x00, 0x00, 0x00, 0x00, 0x00, 0x09, 0xd0, 0x00, 0x00, 0x00,
  0x03, 0x00, 0x00, 0x00, 0xff, 0xff, 0xff, 0xff, 0x0a, 0x00, 0x00, 0x00,
  0x08, 0x00, 0x00, 0x00, 0xbc, 0xe3, 0xff, 0xff, 0x08, 0x00, 0x00, 0x00,
  0x14, 0x00, 0x00, 0x00, 0x01, 0x00, 0x00, 0x00, 0x80, 0xff, 0xff, 0xff,
  0xff, 0xff, 0xff, 0xff, 0x00, 0x00, 0x00, 0x00, 0x01, 0x00, 0x00, 0x00,
  0xb4, 0xf3, 0x5a, 0x3d, 0x90, 0x00, 0x00, 0x00, 0x66, 0x75, 0x6e, 0x63,
  0x74, 0x69, 0x6f, 0x6e, 0x61, 0x6c, 0x5f, 0x31, 0x5f, 0x31, 0x2f, 0x63,
  0x6f, 0x6e, 0x76, 0x31, 0x64, 0x5f, 0x33, 0x5f, 0x31, 0x2f, 0x52, 0x65,
  0x6c, 0x75, 0x3b, 0x66, 0x75, 0x6e, 0x63, 0x74, 0x69, 0x6f, 0x6e, 0x61,
  0x6c, 0x5f, 0x31, 0x5f, 0x31, 0x2f, 0x63, 0x6f, 0x6e, 0x76, 0x31, 0x64,
  0x5f, 0x33, 0x5f, 0x31, 0x2f, 0x42, 0x69, 0x61, 0x73, 0x41, 0x64, 0x64,
  0x3b, 0x66, 0x75, 0x6e, 0x63, 0x74, 0x69, 0x6f, 0x6e, 0x61, 0x6c, 0x5f,
  0x31, 0x5f, 0x31, 0x2f, 0x63, 0x6f, 0x6e, 0x76, 0x31, 0x64, 0x5f, 0x33,
  0x5f, 0x31, 0x2f, 0x63, 0x6f, 0x6e, 0x76, 0x6f, 0x6c, 0x75, 0x74, 0x69,
  0x6f, 0x6e, 0x2f, 0x53, 0x71, 0x75, 0x65, 0x65, 0x7a, 0x65, 0x3b, 0x66,
  0x75, 0x6e, 0x63, 0x74, 0x69, 0x6f, 0x6e, 0x61, 0x6c, 0x5f, 0x31, 0x5f,
  0x31, 0x2f, 0x63, 0x6f, 0x6e, 0x76, 0x31, 0x64, 0x5f, 0x33, 0x5f, 0x31,
  0x2f, 0x53, 0x71, 0x75, 0x65, 0x65, 0x7a, 0x65, 0x00, 0x00, 0x00, 0x00,
  0x03, 0x00, 0x00, 0x00, 0x01, 0x00, 0x00, 0x00, 0x0a, 0x00, 0x00, 0x00,
  0x08, 0x00, 0x00, 0x00, 0xce, 0xe4, 0xff, 0xff, 0x00, 0x00, 0x00, 0x01,
  0x18, 0x00, 0x00, 0x00, 0x28, 0x00, 0x00, 0x00, 0x48, 0x00, 0x00, 0x00,
  0x1c, 0x00, 0x00, 0x00, 0x00, 0x00, 0x00, 0x09, 0xf8, 0x00, 0x00, 0x00,
  0x04, 0x00, 0x00, 0x00, 0xff, 0xff, 0xff, 0xff, 0x01, 0x00, 0x00, 0x00,
  0x0a, 0x00, 0x00, 0x00, 0x08, 0x00, 0x00, 0x00, 0xbc, 0xe4, 0xff, 0xff,
  0x08, 0x00, 0x00, 0x00, 0x14, 0x00, 0x00, 0x00, 0x01, 0x00, 0x00, 0x00,
  0x80, 0xff, 0xff, 0xff, 0xff, 0xff, 0xff, 0xff, 0x00, 0x00, 0x00, 0x00,
  0x01, 0x00, 0x00, 0x00, 0xb4, 0xf3, 0x5a, 0x3d, 0xb7, 0x00, 0x00, 0x00,
  0x66, 0x75, 0x6e, 0x63, 0x74, 0x69, 0x6f, 0x6e, 0x61, 0x6c, 0x5f, 0x31,
  0x5f, 0x31, 0x2f, 0x63, 0x6f, 0x6e, 0x76, 0x31, 0x64, 0x5f, 0x33, 0x5f,
  0x31, 0x2f, 0x52, 0x65, 0x6c, 0x75, 0x3b, 0x66, 0x75, 0x6e, 0x63, 0x74,
  0x69, 0x6f, 0x6e, 0x61, 0x6c, 0x5f, 0x31, 0x5f, 0x31, 0x2f, 0x63, 0x6f,
  0x6e, 0x76, 0x31, 0x64, 0x5f, 0x33, 0x5f, 0x31, 0x2f, 0x42, 0x69, 0x61,
  0x73, 0x41, 0x64, 0x64, 0x3b, 0x66, 0x75, 0x6e, 0x63, 0x74, 0x69, 0x6f,
  0x6e, 0x61, 0x6c, 0x5f, 0x31, 0x5f, 0x31, 0x2f, 0x63, 0x6f, 0x6e, 0x76,
  0x31, 0x64, 0x5f, 0x33, 0x5f, 0x31, 0x2f, 0x63, 0x6f, 0x6e, 0x76, 0x6f,
  0x6c, 0x75, 0x74, 0x69, 0x6f, 0x6e, 0x2f, 0x53, 0x71, 0x75, 0x65, 0x65,
  0x7a, 0x65, 0x3b, 0x66, 0x75, 0x6e, 0x63, 0x74, 0x69, 0x6f, 0x6e, 0x61,
  0x6c, 0x5f, 0x31, 0x5f, 0x31, 0x2f, 0x63, 0x6f, 0x6e, 0x76, 0x31, 0x64,
  0x5f, 0x33, 0x5f, 0x31, 0x2f, 0x53, 0x71, 0x75, 0x65, 0x65, 0x7a, 0x65,
  0x3b, 0x66, 0x75, 0x6e, 0x63, 0x74, 0x69, 0x6f, 0x6e, 0x61, 0x6c, 0x5f,
  0x31, 0x5f, 0x31, 0x2f, 0x63, 0x6f, 0x6e, 0x76, 0x31, 0x64, 0x5f, 0x33,
  0x5f, 0x31, 0x2f, 0x63, 0x6f, 0x6e, 0x76, 0x6f, 0x6c, 0x75, 0x74, 0x69,
  0x6f, 0x6e, 0x31, 0x00, 0x04, 0x00, 0x00, 0x00, 0x01, 0x00, 0x00, 0x00,
  0x01, 0x00, 0x00, 0x00, 0x0a, 0x00, 0x00, 0x00, 0x08, 0x00, 0x00, 0x00,
  0xf6, 0xe5, 0xff, 0xff, 0x00, 0x00, 0x00, 0x01, 0x18, 0x00, 0x00, 0x00,
  0x28, 0x00, 0x00, 0x00, 0x48, 0x00, 0x00, 0x00, 0x1b, 0x00, 0x00, 0x00,
  0x00, 0x00, 0x00, 0x09, 0x74, 0x00, 0x00, 0x00, 0x04, 0x00, 0x00, 0x00,
  0xff, 0xff, 0xff, 0xff, 0x01, 0x00, 0x00, 0x00, 0x0a, 0x00, 0x00, 0x00,
  0x08, 0x00, 0x00, 0x00, 0xe4, 0xe5, 0xff, 0xff, 0x08, 0x00, 0x00, 0x00,
  0x14, 0x00, 0x00, 0x00, 0x01, 0x00, 0x00, 0x00, 0x80, 0xff, 0xff, 0xff,
  0xff, 0xff, 0xff, 0xff, 0x00, 0x00, 0x00, 0x00, 0x01, 0x00, 0x00, 0x00,
  0xff, 0x2e, 0x93, 0x3d, 0x30, 0x00, 0x00, 0x00, 0x66, 0x75, 0x6e, 0x63,
  0x74, 0x69, 0x6f, 0x6e, 0x61, 0x6c, 0x5f, 0x31, 0x5f, 0x31, 0x2f, 0x63,
  0x6f, 0x6e, 0x76, 0x31, 0x64, 0x5f, 0x33, 0x5f, 0x31, 0x2f, 0x63, 0x6f,
  0x6e, 0x76, 0x6f, 0x6c, 0x75, 0x74, 0x69, 0x6f, 0x6e, 0x2f, 0x45, 0x78,
  0x70, 0x61, 0x6e, 0x64, 0x44, 0x69, 0x6d, 0x73, 0x00, 0x00, 0x00, 0x00,
  0x04, 0x00, 0x00, 0x00, 0x01, 0x00, 0x00, 0x00, 0x01, 0x00, 0x00, 0x00,
  0x0a, 0x00, 0x00, 0x00, 0x08, 0x00, 0x00, 0x00, 0x9a, 0xe6, 0xff, 0xff,
  0x00, 0x00, 0x00, 0x01, 0x18, 0x00, 0x00, 0x00, 0x24, 0x00, 0x00, 0x00,
  0x44, 0x00, 0x00, 0x00, 0x1a, 0x00, 0x00, 0x00, 0x00, 0x00, 0x00, 0x09,
  0x70, 0x00, 0x00, 0x00, 0x03, 0x00, 0x00, 0x00, 0xff, 0xff, 0xff, 0xff,
  0x0a, 0x00, 0x00, 0x00, 0x08, 0x00, 0x00, 0x00, 0x84, 0xe6, 0xff, 0xff,
  0x08, 0x00, 0x00, 0x00, 0x14, 0x00, 0x00, 0x00, 0x01, 0x00, 0x00, 0x00,
  0x80, 0xff, 0xff, 0xff, 0xff, 0xff, 0xff, 0xff, 0x00, 0x00, 0x00, 0x00,
  0x01, 0x00, 0x00, 0x00, 0xff, 0x2e, 0x93, 0x3d, 0x32, 0x00, 0x00, 0x00,
  0x66, 0x75, 0x6e, 0x63, 0x74, 0x69, 0x6f, 0x6e, 0x61, 0x6c, 0x5f, 0x31,
  0x5f, 0x31, 0x2f, 0x6d, 0x61, 0x78, 0x5f, 0x70, 0x6f, 0x6f, 0x6c, 0x69,
  0x6e, 0x67, 0x31, 0x64, 0x5f, 0x31, 0x5f, 0x31, 0x2f, 0x4d, 0x61, 0x78,
  0x50, 0x6f, 0x6f, 0x6c, 0x31, 0x64, 0x2f, 0x53, 0x71, 0x75, 0x65, 0x65,
  0x7a, 0x65, 0x00, 0x00, 0x03, 0x00, 0x00, 0x00, 0x01, 0x00, 0x00, 0x00,
  0x0a, 0x00, 0x00, 0x00, 0x08, 0x00, 0x00, 0x00, 0x36, 0xe7, 0xff, 0xff,
  0x00, 0x00, 0x00, 0x01, 0x18, 0x00, 0x00, 0x00, 0x28, 0x00, 0x00, 0x00,
  0x44, 0x00, 0x00, 0x00, 0x19, 0x00, 0x00, 0x00, 0x00, 0x00, 0x00, 0x09,
  0x68, 0x00, 0x00, 0x00, 0x04, 0x00, 0x00, 0x00, 0xff, 0xff, 0xff, 0xff,
  0x01, 0x00, 0x00, 0x00, 0x0a, 0x00, 0x00, 0x00, 0x08, 0x00, 0x00, 0x00,
  0x24, 0xe7, 0xff, 0xff, 0x08, 0x00, 0x00, 0x00, 0x10, 0x00, 0x00, 0x00,
  0x01, 0x00, 0x00, 0x00, 0x80, 0xff, 0xff, 0xff, 0xff, 0xff, 0xff, 0xff,
  0x01, 0x00, 0x00, 0x00, 0xff, 0x2e, 0x93, 0x3d, 0x2a, 0x00, 0x00, 0x00,
  0x66, 0x75, 0x6e, 0x63, 0x74, 0x69, 0x6f, 0x6e, 0x61, 0x6c, 0x5f, 0x31,
  0x5f, 0x31, 0x2f, 0x6d, 0x61, 0x78, 0x5f, 0x70, 0x6f, 0x6f, 0x6c, 0x69,
  0x6e, 0x67, 0x31, 0x64, 0x5f, 0x31, 0x5f, 0x31, 0x2f, 0x4d, 0x61, 0x78,
  0x50, 0x6f, 0x6f, 0x6c, 0x31, 0x64, 0x00, 0x00, 0x04, 0x00, 0x00, 0x00,
  0x01, 0x00, 0x00, 0x00, 0x01, 0x00, 0x00, 0x00, 0x0a, 0x00, 0x00, 0x00,
  0x08, 0x00, 0x00, 0x00, 0xce, 0xe7, 0xff, 0xff, 0x00, 0x00, 0x00, 0x01,
  0x18, 0x00, 0x00, 0x00, 0x28, 0x00, 0x00, 0x00, 0x44, 0x00, 0x00, 0x00,
  0x18, 0x00, 0x00, 0x00, 0x00, 0x00, 0x00, 0x09, 0x74, 0x00, 0x00, 0x00,
  0x04, 0x00, 0x00, 0x00, 0xff, 0xff, 0xff, 0xff, 0x01, 0x00, 0x00, 0x00,
  0x32, 0x00, 0x00, 0x00, 0x08, 0x00, 0x00, 0x00, 0xbc, 0xe7, 0xff, 0xff,
  0x08, 0x00, 0x00, 0x00, 0x10, 0x00, 0x00, 0x00, 0x01, 0x00, 0x00, 0x00,
  0x80, 0xff, 0xff, 0xff, 0xff, 0xff, 0xff, 0xff, 0x01, 0x00, 0x00, 0x00,
  0xff, 0x2e, 0x93, 0x3d, 0x35, 0x00, 0x00, 0x00, 0x66, 0x75, 0x6e, 0x63,
  0x74, 0x69, 0x6f, 0x6e, 0x61, 0x6c, 0x5f, 0x31, 0x5f, 0x31, 0x2f, 0x6d,
  0x61, 0x78, 0x5f, 0x70, 0x6f, 0x6f, 0x6c, 0x69, 0x6e, 0x67, 0x31, 0x64,
  0x5f, 0x31, 0x5f, 0x31, 0x2f, 0x4d, 0x61, 0x78, 0x50, 0x6f, 0x6f, 0x6c,
  0x31, 0x64, 0x2f, 0x45, 0x78, 0x70, 0x61, 0x6e, 0x64, 0x44, 0x69, 0x6d,
  0x73, 0x00, 0x00, 0x00, 0x04, 0x00, 0x00, 0x00, 0x01, 0x00, 0x00, 0x00,
  0x01, 0x00, 0x00, 0x00, 0x32, 0x00, 0x00, 0x00, 0x08, 0x00, 0x00, 0x00,
  0x72, 0xe8, 0xff, 0xff, 0x00, 0x00, 0x00, 0x01, 0x18, 0x00, 0x00, 0x00,
  0x24, 0x00, 0x00, 0x00, 0x44, 0x00, 0x00, 0x00, 0x17, 0x00, 0x00, 0x00,
  0x00, 0x00, 0x00, 0x09, 0xd0, 0x00, 0x00, 0x00, 0x03, 0x00, 0x00, 0x00,
  0xff, 0xff, 0xff, 0xff, 0x32, 0x00, 0x00, 0x00, 0x08, 0x00, 0x00, 0x00,
  0x5c, 0xe8, 0xff, 0xff, 0x08, 0x00, 0x00, 0x00, 0x14, 0x00, 0x00, 0x00,
  0x01, 0x00, 0x00, 0x00, 0x80, 0xff, 0xff, 0xff, 0xff, 0xff, 0xff, 0xff,
  0x00, 0x00, 0x00, 0x00, 0x01, 0x00, 0x00, 0x00, 0xff, 0x2e, 0x93, 0x3d,
  0x90, 0x00, 0x00, 0x00, 0x66, 0x75, 0x6e, 0x63, 0x74, 0x69, 0x6f, 0x6e,
  0x61, 0x6c, 0x5f, 0x31, 0x5f, 0x31, 0x2f, 0x63, 0x6f, 0x6e, 0x76, 0x31,
  0x64, 0x5f, 0x32, 0x5f, 0x31, 0x2f, 0x52, 0x65, 0x6c, 0x75, 0x3b, 0x66,
  0x75, 0x6e, 0x63, 0x74, 0x69, 0x6f, 0x6e, 0x61, 0x6c, 0x5f, 0x31, 0x5f,
  0x31, 0x2f, 0x63, 0x6f, 0x6e, 0x76, 0x31, 0x64, 0x5f, 0x32, 0x5f, 0x31,
  0x2f, 0x42, 0x69, 0x61, 0x73, 0x41, 0x64, 0x64, 0x3b, 0x66, 0x75, 0x6e,
  0x63, 0x74, 0x69, 0x6f, 0x6e, 0x61, 0x6c, 0x5f, 0x31, 0x5f, 0x31, 0x2f,
  0x63, 0x6f, 0x6e, 0x76, 0x31, 0x64, 0x5f, 0x32, 0x5f, 0x31, 0x2f, 0x63,
  0x6f, 0x6e, 0x76, 0x6f, 0x6c, 0x75, 0x74, 0x69, 0x6f, 0x6e, 0x2f, 0x53,
  0x71, 0x75, 0x65, 0x65, 0x7a, 0x65, 0x3b, 0x66, 0x75, 0x6e, 0x63, 0x74,
  0x69, 0x6f, 0x6e, 0x61, 0x6c, 0x5f, 0x31, 0x5f, 0x31, 0x2f, 0x63, 0x6f,
  0x6e, 0x76, 0x31, 0x64, 0x5f, 0x32, 0x5f, 0x31, 0x2f, 0x53, 0x71, 0x75,
  0x65, 0x65, 0x7a, 0x65, 0x00, 0x00, 0x00, 0x00, 0x03, 0x00, 0x00, 0x00,
  0x01, 0x00, 0x00, 0x00, 0x32, 0x00, 0x00, 0x00, 0x08, 0x00, 0x00, 0x00,
  0x6e, 0xe9, 0xff, 0xff, 0x00, 0x00, 0x00, 0x01, 0x18, 0x00, 0x00, 0x00,
  0x28, 0x00, 0x00, 0x00, 0x48, 0x00, 0x00, 0x00, 0x16, 0x00, 0x00, 0x00,
  0x00, 0x00, 0x00, 0x09, 0xf8, 0x00, 0x00, 0x00, 0x04, 0x00, 0x00, 0x00,
  0xff, 0xff, 0xff, 0xff, 0x01, 0x00, 0x00, 0x00, 0x32, 0x00, 0x00, 0x00,
  0x08, 0x00, 0x00, 0x00, 0x5c, 0xe9, 0xff, 0xff, 0x08, 0x00, 0x00, 0x00,
  0x14, 0x00, 0x00, 0x00, 0x01, 0x00, 0x00, 0x00, 0x80, 0xff, 0xff, 0xff,
  0xff, 0xff, 0xff, 0xff, 0x00, 0x00, 0x00, 0x00, 0x01, 0x00, 0x00, 0x00,
  0xff, 0x2e, 0x93, 0x3d, 0xb7, 0x00, 0x00, 0x00, 0x66, 0x75, 0x6e, 0x63,
  0x74, 0x69, 0x6f, 0x6e, 0x61, 0x6c, 0x5f, 0x31, 0x5f, 0x31, 0x2f, 0x63,
  0x6f, 0x6e, 0x76, 0x31, 0x64, 0x5f, 0x32, 0x5f, 0x31, 0x2f, 0x52, 0x65,
  0x6c, 0x75, 0x3b, 0x66, 0x75, 0x6e, 0x63, 0x74, 0x69, 0x6f, 0x6e, 0x61,
  0x6c, 0x5f, 0x31, 0x5f, 0x31, 0x2f, 0x63, 0x6f, 0x6e, 0x76, 0x31, 0x64,
  0x5f, 0x32, 0x5f, 0x31, 0x2f, 0x42, 0x69, 0x61, 0x73, 0x41, 0x64, 0x64,
  0x3b, 0x66, 0x75, 0x6e, 0x63, 0x74, 0x69, 0x6f, 0x6e, 0x61, 0x6c, 0x5f,
  0x31, 0x5f, 0x31, 0x2f, 0x63, 0x6f, 0x6e, 0x76, 0x31, 0x64, 0x5f, 0x32,
  0x5f, 0x31, 0x2f, 0x63, 0x6f, 0x6e, 0x76, 0x6f, 0x6c, 0x75, 0x74, 0x69,
  0x6f, 0x6e, 0x2f, 0x53, 0x71, 0x75, 0x65, 0x65, 0x7a, 0x65, 0x3b, 0x66,
  0x75, 0x6e, 0x63, 0x74, 0x69, 0x6f, 0x6e, 0x61, 0x6c, 0x5f, 0x31, 0x5f,
  0x31, 0x2f, 0x63, 0x6f, 0x6e, 0x76, 0x31, 0x64, 0x5f, 0x32, 0x5f, 0x31,
  0x2f, 0x53, 0x71, 0x75, 0x65, 0x65, 0x7a, 0x65, 0x3b, 0x66, 0x75, 0x6e,
  0x63, 0x74, 0x69, 0x6f, 0x6e, 0x61, 0x6c, 0x5f, 0x31, 0x5f, 0x31, 0x2f,
  0x63, 0x6f, 0x6e, 0x76, 0x31, 0x64, 0x5f, 0x32, 0x5f, 0x31, 0x2f, 0x63,
  0x6f, 0x6e, 0x76, 0x6f, 0x6c, 0x75, 0x74, 0x69, 0x6f, 0x6e, 0x31, 0x00,
  0x04, 0x00, 0x00, 0x00, 0x01, 0x00, 0x00, 0x00, 0x01, 0x00, 0x00, 0x00,
  0x32, 0x00, 0x00, 0x00, 0x08, 0x00, 0x00, 0x00, 0x96, 0xea, 0xff, 0xff,
  0x00, 0x00, 0x00, 0x01, 0x18, 0x00, 0x00, 0x00, 0x28, 0x00, 0x00, 0x00,
  0x44, 0x00, 0x00, 0x00, 0x15, 0x00, 0x00, 0x00, 0x00, 0x00, 0x00, 0x09,
  0x70, 0x00, 0x00, 0x00, 0x04, 0x00, 0x00, 0x00, 0xff, 0xff, 0xff, 0xff,
  0x01, 0x00, 0x00, 0x00, 0x32, 0x00, 0x00, 0x00, 0x06, 0x00, 0x00, 0x00,
  0x84, 0xea, 0xff, 0xff, 0x08, 0x00, 0x00, 0x00, 0x10, 0x00, 0x00, 0x00,
  0x01, 0x00, 0x00, 0x00, 0xfa, 0xff, 0xff, 0xff, 0xff, 0xff, 0xff, 0xff,
  0x01, 0x00, 0x00, 0x00, 0x6d, 0x39, 0x42, 0x3e, 0x30, 0x00, 0x00, 0x00,
  0x66, 0x75, 0x6e, 0x63, 0x74, 0x69, 0x6f, 0x6e, 0x61, 0x6c, 0x5f, 0x31,
  0x5f, 0x31, 0x2f, 0x63, 0x6f, 0x6e, 0x76, 0x31, 0x64, 0x5f, 0x32, 0x5f,
  0x31, 0x2f, 0x63, 0x6f, 0x6e, 0x76, 0x6f, 0x6c, 0x75, 0x74, 0x69, 0x6f,
  0x6e, 0x2f, 0x45, 0x78, 0x70, 0x61, 0x6e, 0x64, 0x44, 0x69, 0x6d, 0x73,
  0x00, 0x00, 0x00, 0x00, 0x04, 0x00, 0x00, 0x00, 0x01, 0x00, 0x00, 0x00,
  0x01, 0x00, 0x00, 0x00, 0x32, 0x00, 0x00, 0x00, 0x06, 0x00, 0x00, 0x00,
  0x36, 0xeb, 0xff, 0xff, 0x00, 0x00, 0x00, 0x01, 0x18, 0x00, 0x00, 0x00,
  0x20, 0x00, 0x00, 0x00, 0x40, 0x00, 0x00, 0x00, 0x14, 0x00, 0x00, 0x00,
  0x00, 0x00, 0x00, 0x09, 0x98, 0x00, 0x00, 0x00, 0x02, 0x00, 0x00, 0x00,
  0xff, 0xff, 0xff, 0xff, 0x20, 0x00, 0x00, 0x00, 0x1c, 0xeb, 0xff, 0xff,
  0x08, 0x00, 0x00, 0x00, 0x14, 0x00, 0x00, 0x00, 0x01, 0x00, 0x00, 0x00,
  0x80, 0xff, 0xff, 0xff, 0xff, 0xff, 0xff, 0xff, 0x00, 0x00, 0x00, 0x00,
  0x01, 0x00, 0x00, 0x00, 0xa9, 0x7b, 0xcf, 0x3c, 0x5e, 0x00, 0x00, 0x00,
  0x66, 0x75, 0x6e, 0x63, 0x74, 0x69, 0x6f, 0x6e, 0x61, 0x6c, 0x5f, 0x31,
  0x5f, 0x31, 0x2f, 0x64, 0x65, 0x6e, 0x73, 0x65, 0x5f, 0x35, 0x5f, 0x31,
  0x2f, 0x4d, 0x61, 0x74, 0x4d, 0x75, 0x6c, 0x3b, 0x66, 0x75, 0x6e, 0x63,
  0x74, 0x69, 0x6f, 0x6e, 0x61, 0x6c, 0x5f, 0x31, 0x5f, 0x31, 0x2f, 0x64,
  0x65, 0x6e, 0x73, 0x65, 0x5f, 0x35, 0x5f, 0x31, 0x2f, 0x52, 0x65, 0x6c,
  0x75, 0x3b, 0x66, 0x75, 0x6e, 0x63, 0x74, 0x69, 0x6f, 0x6e, 0x61, 0x6c,
  0x5f, 0x31, 0x5f, 0x31, 0x2f, 0x64, 0x65, 0x6e, 0x73, 0x65, 0x5f, 0x35,
  0x5f, 0x31, 0x2f, 0x42, 0x69, 0x61, 0x73, 0x41, 0x64, 0x64, 0x00, 0x00,
  0x02, 0x00, 0x00, 0x00, 0x01, 0x00, 0x00, 0x00, 0x20, 0x00, 0x00, 0x00,
  0xf6, 0xeb, 0xff, 0xff, 0x00, 0x00, 0x00, 0x01, 0x18, 0x00, 0x00, 0x00,
  0x20, 0x00, 0x00, 0x00, 0x40, 0x00, 0x00, 0x00, 0x13, 0x00, 0x00, 0x00,
  0x00, 0x00, 0x00, 0x09, 0x98, 0x00, 0x00, 0x00, 0x02, 0x00, 0x00, 0x00,
  0xff, 0xff, 0xff, 0xff, 0x30, 0x00, 0x00, 0x00, 0xdc, 0xeb, 0xff, 0xff,
  0x08, 0x00, 0x00, 0x00, 0x14, 0x00, 0x00, 0x00, 0x01, 0x00, 0x00, 0x00,
  0x80, 0xff, 0xff, 0xff, 0xff, 0xff, 0xff, 0xff, 0x00, 0x00, 0x00, 0x00,
  0x01, 0x00, 0x00, 0x00, 0x3f, 0x78, 0x99, 0x3c, 0x5e, 0x00, 0x00, 0x00,
  0x66, 0x75, 0x6e, 0x63, 0x74, 0x69, 0x6f, 0x6e, 0x61, 0x6c, 0x5f, 0x31,
  0x5f, 0x31, 0x2f, 0x64, 0x65, 0x6e, 0x73, 0x65, 0x5f, 0x34, 0x5f, 0x31,
  0x2f, 0x4d, 0x61, 0x74, 0x4d, 0x75, 0x6c, 0x3b, 0x66, 0x75, 0x6e, 0x63,
  0x74, 0x69, 0x6f, 0x6e, 0x61, 0x6c, 0x5f, 0x31, 0x5f, 0x31, 0x2f, 0x64,
  0x65, 0x6e, 0x73, 0x65, 0x5f, 0x34, 0x5f, 0x31, 0x2f, 0x52, 0x65, 0x6c,
  0x75, 0x3b, 0x66, 0x75, 0x6e, 0x63, 0x74, 0x69, 0x6f, 0x6e, 0x61, 0x6c,
  0x5f, 0x31, 0x5f, 0x31, 0x2f, 0x64, 0x65, 0x6e, 0x73, 0x65, 0x5f, 0x34,
  0x5f, 0x31, 0x2f, 0x42, 0x69, 0x61, 0x73, 0x41, 0x64, 0x64, 0x00, 0x00,
  0x02, 0x00, 0x00, 0x00, 0x01, 0x00, 0x00, 0x00, 0x30, 0x00, 0x00, 0x00,
  0x8a, 0xed, 0xff, 0xff, 0x00, 0x00, 0x00, 0x01, 0x14, 0x00, 0x00, 0x00,
  0x64, 0x02, 0x00, 0x00, 0x12, 0x00, 0x00, 0x00, 0x00, 0x00, 0x00, 0x09,
  0x7c, 0x02, 0x00, 0x00, 0x8c, 0xec, 0xff, 0xff, 0x08, 0x00, 0x00, 0x00,
  0x88, 0x01, 0x00, 0x00, 0x30, 0x00, 0x00, 0x00, 0x00, 0x00, 0x00, 0x00,
  0x00, 0x00, 0x00, 0x00, 0x00, 0x00, 0x00, 0x00, 0x00, 0x00, 0x00, 0x00,
  0x00, 0x00, 0x00, 0x00, 0x00, 0x00, 0x00, 0x00, 0x00, 0x00, 0x00, 0x00,
  0x00, 0x00, 0x00, 0x00, 0x00, 0x00, 0x00, 0x00, 0x00, 0x00, 0x00, 0x00,
  0x00, 0x00, 0x00, 0x00, 0x00, 0x00, 0x00, 0x00, 0x00, 0x00, 0x00, 0x00,
  0x00, 0x00, 0x00, 0x00, 0x00, 0x00, 0x00, 0x00, 0x00, 0x00, 0x00, 0x00,
  0x00, 0x00, 0x00, 0x00, 0x00, 0x00, 0x00, 0x00, 0x00, 0x00, 0x00, 0x00,
  0x00, 0x00, 0x00, 0x00, 0x00, 0x00, 0x00, 0x00, 0x00, 0x00, 0x00, 0x00,
  0x00, 0x00, 0x00, 0x00, 0x00, 0x00, 0x00, 0x00, 0x00, 0x00, 0x00, 0x00,
  0x00, 0x00, 0x00, 0x00, 0x00, 0x00, 0x00, 0x00, 0x00, 0x00, 0x00, 0x00,
  0x00, 0x00, 0x00, 0x00, 0x00, 0x00, 0x00, 0x00, 0x00, 0x00, 0x00, 0x00,
  0x00, 0x00, 0x00, 0x00, 0x00, 0x00, 0x00, 0x00, 0x00, 0x00, 0x00, 0x00,
  0x00, 0x00, 0x00, 0x00, 0x00, 0x00, 0x00, 0x00, 0x00, 0x00, 0x00, 0x00,
  0x00, 0x00, 0x00, 0x00, 0x00, 0x00, 0x00, 0x00, 0x00, 0x00, 0x00, 0x00,
  0x00, 0x00, 0x00, 0x00, 0x00, 0x00, 0x00, 0x00, 0x00, 0x00, 0x00, 0x00,
  0x00, 0x00, 0x00, 0x00, 0x00, 0x00, 0x00, 0x00, 0x00, 0x00, 0x00, 0x00,
  0x00, 0x00, 0x00, 0x00, 0x00, 0x00, 0x00, 0x00, 0x00, 0x00, 0x00, 0x00,
  0x00, 0x00, 0x00, 0x00, 0x00, 0x00, 0x00, 0x00, 0x00, 0x00, 0x00, 0x00,
  0x00, 0x00, 0x00, 0x00, 0x00, 0x00, 0x00, 0x00, 0x00, 0x00, 0x00, 0x00,
  0x00, 0x00, 0x00, 0x00, 0x00, 0x00, 0x00, 0x00, 0x00, 0x00, 0x00, 0x00,
  0x00, 0x00, 0x00, 0x00, 0x00, 0x00, 0x00, 0x00, 0x00, 0x00, 0x00, 0x00,
  0x00, 0x00, 0x00, 0x00, 0x00, 0x00, 0x00, 0x00, 0x00, 0x00, 0x00, 0x00,
  0x00, 0x00, 0x00, 0x00, 0x00, 0x00, 0x00, 0x00, 0x00, 0x00, 0x00, 0x00,
  0x00, 0x00, 0x00, 0x00, 0x00, 0x00, 0x00, 0x00, 0x00, 0x00, 0x00, 0x00,
  0x00, 0x00, 0x00, 0x00, 0x00, 0x00, 0x00, 0x00, 0x00, 0x00, 0x00, 0x00,
  0x00, 0x00, 0x00, 0x00, 0x00, 0x00, 0x00, 0x00, 0x00, 0x00, 0x00, 0x00,
  0x00, 0x00, 0x00, 0x00, 0x00, 0x00, 0x00, 0x00, 0x00, 0x00, 0x00, 0x00,
  0x00, 0x00, 0x00, 0x00, 0x00, 0x00, 0x00, 0x00, 0x00, 0x00, 0x00, 0x00,
  0x00, 0x00, 0x00, 0x00, 0x00, 0x00, 0x00, 0x00, 0x00, 0x00, 0x00, 0x00,
  0x00, 0x00, 0x00, 0x00, 0x00, 0x00, 0x00, 0x00, 0x00, 0x00, 0x00, 0x00,
  0x00, 0x00, 0x00, 0x00, 0x00, 0x00, 0x00, 0x00, 0x00, 0x00, 0x00, 0x00,
  0x00, 0x00, 0x00, 0x00, 0x00, 0x00, 0x00, 0x00, 0x00, 0x00, 0x00, 0x00,
  0x00, 0x00, 0x00, 0x00, 0x00, 0x00, 0x00, 0x00, 0x30, 0x00, 0x00, 0x00,
  0x8d, 0x1f, 0x01, 0x3b, 0xa2, 0x41, 0x14, 0x3b, 0x46, 0x27, 0x01, 0x3b,
  0x94, 0xf2, 0x03, 0x3b, 0x43, 0x4a, 0x0a, 0x3b, 0x2c, 0xae, 0xfc, 0x3a,
  0x46, 0x21, 0x03, 0x3b, 0x3d, 0xbc, 0x0e, 0x3b, 0xf1, 0x5f, 0x16, 0x3b,
  0x57, 0xe1, 0xec, 0x3a, 0x39, 0x16, 0x15, 0x3b, 0x27, 0x55, 0x10, 0x3b,
  0x1d, 0xf5, 0x04, 0x3b, 0x77, 0x66, 0x08, 0x3b, 0x67, 0x37, 0xfd, 0x3a,
  0x98, 0xf3, 0xf4, 0x3a, 0x71, 0x41, 0x0e, 0x3b, 0xb6, 0xbc, 0x15, 0x3b,
  0x74, 0xbb, 0x01, 0x3b, 0x44, 0x76, 0x1d, 0x3b, 0x76, 0x20, 0x05, 0x3b,
  0x76, 0xc3, 0x0a, 0x3b, 0x0a, 0x2c, 0xf7, 0x3a, 0xf9, 0xec, 0xf9, 0x3a,
  0xe8, 0x5c, 0x20, 0x3b, 0x0b, 0x64, 0x01, 0x3b, 0x6f, 0x2b, 0x10, 0x3b,
  0xbe, 0xd1, 0x30, 0x3b, 0x68, 0x2e, 0x22, 0x3b, 0xa4, 0x5c, 0x0d, 0x3b,
  0xf4, 0xd4, 0x23, 0x3b, 0xfb, 0xcb, 0xf1, 0x3a, 0x6b, 0x73, 0x11, 0x3b,
  0x00, 0x11, 0x0c, 0x3b, 0x3e, 0xe8, 0x05, 0x3b, 0xec, 0xd5, 0x34, 0x3b,
  0x30, 0x65, 0xff, 0x3a, 0x81, 0x8a, 0x1d, 0x3b, 0x10, 0x95, 0x02, 0x3b,
  0x14, 0xfe, 0x0b, 0x3b, 0xa8, 0xe5, 0x1b, 0x3b, 0xaa, 0x8b, 0x0a, 0x3b,
  0xdd, 0x26, 0xf6, 0x3a, 0xaf, 0xde, 0xf2, 0x3a, 0xab, 0x04, 0x14, 0x3b,
  0x36, 0x26, 0x01, 0x3b, 0xff, 0x06, 0x01, 0x3b, 0x6c, 0xa5, 0xfd, 0x3a,
  0x1f, 0x00, 0x00, 0x00, 0x66, 0x75, 0x6e, 0x63, 0x74, 0x69, 0x6f, 0x6e,
  0x61, 0x6c, 0x5f, 0x31, 0x5f, 0x31, 0x2f, 0x64, 0x65, 0x6e, 0x73, 0x65,
  0x5f, 0x34, 0x5f, 0x31, 0x2f, 0x4d, 0x61, 0x74, 0x4d, 0x75, 0x6c, 0x00,
  0x02, 0x00, 0x00, 0x00, 0x30, 0x00, 0x00, 0x00, 0x32, 0x00, 0x00, 0x00,
  0x2a, 0xf0, 0xff, 0xff, 0x00, 0x00, 0x00, 0x01, 0x14, 0x00, 0x00, 0x00,
  0x68, 0x02, 0x00, 0x00, 0x11, 0x00, 0x00, 0x00, 0x00, 0x00, 0x00, 0x02,
  0xa0, 0x02, 0x00, 0x00, 0x2c, 0xef, 0xff, 0xff, 0x08, 0x00, 0x00, 0x00,
  0x8c, 0x01, 0x00, 0x00, 0x30, 0x00, 0x00, 0x00, 0x00, 0x00, 0x00, 0x00,
  0x00, 0x00, 0x00, 0x00, 0x00, 0x00, 0x00, 0x00, 0x00, 0x00, 0x00, 0x00,
  0x00, 0x00, 0x00, 0x00, 0x00, 0x00, 0x00, 0x00, 0x00, 0x00, 0x00, 0x00,
  0x00, 0x00, 0x00, 0x00, 0x00, 0x00, 0x00, 0x00, 0x00, 0x00, 0x00, 0x00,
  0x00, 0x00, 0x00, 0x00, 0x00, 0x00, 0x00, 0x00, 0x00, 0x00, 0x00, 0x00,
  0x00, 0x00, 0x00, 0x00, 0x00, 0x00, 0x00, 0x00, 0x00, 0x00, 0x00, 0x00,
  0x00, 0x00, 0x00, 0x00, 0x00, 0x00, 0x00, 0x00, 0x00, 0x00, 0x00, 0x00,
  0x00, 0x00, 0x00, 0x00, 0x00, 0x00, 0x00, 0x00, 0x00, 0x00, 0x00, 0x00,
  0x00, 0x00, 0x00, 0x00, 0x00, 0x00, 0x00, 0x00, 0x00, 0x00, 0x00, 0x00,
  0x00, 0x00, 0x00, 0x00, 0x00, 0x00, 0x00, 0x00, 0x00, 0x00, 0x00, 0x00,
  0x00, 0x00, 0x00, 0x00, 0x00, 0x00, 0x00, 0x00, 0x00, 0x00, 0x00, 0x00,
  0x00, 0x00, 0x00, 0x00, 0x00, 0x00, 0x00, 0x00, 0x00, 0x00, 0x00, 0x00,
  0x00, 0x00, 0x00, 0x00, 0x00, 0x00, 0x00, 0x00, 0x00, 0x00, 0x00, 0x00,
  0x00, 0x00, 0x00, 0x00, 0x00, 0x00, 0x00, 0x00, 0x00, 0x00, 0x00, 0x00,
  0x00, 0x00, 0x00, 0x00, 0x00, 0x00, 0x00, 0x00, 0x00, 0x00, 0x00, 0x00,
  0x00, 0x00, 0x00, 0x00, 0x00, 0x00, 0x00, 0x00, 0x00, 0x00, 0x00, 0x00,
  0x00, 0x00, 0x00, 0x00, 0x00, 0x00, 0x00, 0x00, 0x00, 0x00, 0x00, 0x00,
  0x00, 0x00, 0x00, 0x00, 0x00, 0x00, 0x00, 0x00, 0x00, 0x00, 0x00, 0x00,
  0x00, 0x00, 0x00, 0x00, 0x00, 0x00, 0x00, 0x00, 0x00, 0x00, 0x00, 0x00,
  0x00, 0x00, 0x00, 0x00, 0x00, 0x00, 0x00, 0x00, 0x00, 0x00, 0x00, 0x00,
  0x00, 0x00, 0x00, 0x00, 0x00, 0x00, 0x00, 0x00, 0x00, 0x00, 0x00, 0x00,
  0x00, 0x00, 0x00, 0x00, 0x00, 0x00, 0x00, 0x00, 0x00, 0x00, 0x00, 0x00,
  0x00, 0x00, 0x00, 0x00, 0x00, 0x00, 0x00, 0x00, 0x00, 0x00, 0x00, 0x00,
  0x00, 0x00, 0x00, 0x00, 0x00, 0x00, 0x00, 0x00, 0x00, 0x00, 0x00, 0x00,
  0x00, 0x00, 0x00, 0x00, 0x00, 0x00, 0x00, 0x00, 0x00, 0x00, 0x00, 0x00,
  0x00, 0x00, 0x00, 0x00, 0x00, 0x00, 0x00, 0x00, 0x00, 0x00, 0x00, 0x00,
  0x00, 0x00, 0x00, 0x00, 0x00, 0x00, 0x00, 0x00, 0x00, 0x00, 0x00, 0x00,
  0x00, 0x00, 0x00, 0x00, 0x00, 0x00, 0x00, 0x00, 0x00, 0x00, 0x00, 0x00,
  0x00, 0x00, 0x00, 0x00, 0x00, 0x00, 0x00, 0x00, 0x00, 0x00, 0x00, 0x00,
  0x00, 0x00, 0x00, 0x00, 0x00, 0x00, 0x00, 0x00, 0x00, 0x00, 0x00, 0x00,
  0x00, 0x00, 0x00, 0x00, 0x00, 0x00, 0x00, 0x00, 0x00, 0x00, 0x00, 0x00,
  0x00, 0x00, 0x00, 0x00, 0x00, 0x00, 0x00, 0x00, 0x00, 0x00, 0x00, 0x00,
  0x00, 0x00, 0x00, 0x00, 0x00, 0x00, 0x00, 0x00, 0x00, 0x00, 0x00, 0x00,
  0x30, 0x00, 0x00, 0x00, 0xb7, 0xe0, 0xec, 0x38, 0x25, 0xfd, 0x07, 0x39,
  0xe2, 0xee, 0xec, 0x38, 0x1d, 0x0f, 0xf2, 0x38, 0xc7, 0xb1, 0xfd, 0x38,
  0xb1, 0xc5, 0xe7, 0x38, 0x25, 0x8f, 0xf0, 0x38, 0xb4, 0xec, 0x02, 0x39,
  0x95, 0xee, 0x09, 0x39, 0x8d, 0x47, 0xd9, 0x38, 0x25, 0xc0, 0x08, 0x39,
  0xc8, 0x63, 0x04, 0x39, 0x66, 0xe9, 0xf3, 0x38, 0x3f, 0x3a, 0xfa, 0x38,
  0x91, 0x43, 0xe8, 0x38, 0xd5, 0xae, 0xe0, 0x38, 0x11, 0x7c, 0x02, 0x39,
  0xdb, 0x58, 0x09, 0x39, 0xb8, 0xfe, 0xed, 0x38, 0xc7, 0x6e, 0x10, 0x39,
  0xec, 0x38, 0xf4, 0x38, 0x1e, 0x90, 0xfe, 0x38, 0x3d, 0xb8, 0xe2, 0x38,
  0xd8, 0x3e, 0xe5, 0x38, 0xf8, 0x17, 0x13, 0x39, 0x5d, 0x5e, 0xed, 0x38,
  0x84, 0x3d, 0x04, 0x39, 0x36, 0x30, 0x22, 0x39, 0xf3, 0xc2, 0x14, 0x39,
  0x33, 0xaa, 0x01, 0x39, 0x89, 0x46, 0x16, 0x39, 0x0b, 0xca, 0xdd, 0x38,
  0x5c, 0x6a, 0x05, 0x39, 0x00, 0x7a, 0x00, 0x39, 0x6c, 0xa7, 0xf5, 0x38,
  0x50, 0xdf, 0x25, 0x39, 0x32, 0x43, 0xea, 0x38, 0x57, 0x81, 0x10, 0x39,
  0xed, 0x8d, 0xef, 0x38, 0xa5, 0x68, 0x00, 0x39, 0x51, 0xff, 0x0e, 0x39,
  0xc2, 0x29, 0xfe, 0x38, 0xad, 0xc8, 0xe1, 0x38, 0x04, 0xc6, 0xde, 0x38,
  0x3a, 0xc5, 0x07, 0x39, 0xef, 0xec, 0xec, 0x38, 0xab, 0xb3, 0xec, 0x38,
  0x7b, 0xa8, 0xe8, 0x38, 0x3e, 0x00, 0x00, 0x00, 0x66, 0x75, 0x6e, 0x63,
  0x74, 0x69, 0x6f, 0x6e, 0x61, 0x6c, 0x5f, 0x31, 0x5f, 0x31, 0x2f, 0x64,
  0x65, 0x6e, 0x73, 0x65, 0x5f, 0x34, 0x5f, 0x31, 0x2f, 0x52, 0x65, 0x6c,
  0x75, 0x3b, 0x66, 0x75, 0x6e, 0x63, 0x74, 0x69, 0x6f, 0x6e, 0x61, 0x6c,
  0x5f, 0x31, 0x5f, 0x31, 0x2f, 0x64, 0x65, 0x6e, 0x73, 0x65, 0x5f, 0x34,
  0x5f, 0x31, 0x2f, 0x42, 0x69, 0x61, 0x73, 0x41, 0x64, 0x64, 0x00, 0x00,
  0x01, 0x00, 0x00, 0x00, 0x30, 0x00, 0x00, 0x00, 0xea, 0xf2, 0xff, 0xff,
  0x00, 0x00, 0x00, 0x01, 0x14, 0x00, 0x00, 0x00, 0xa4, 0x01, 0x00, 0x00,
  0x10, 0x00, 0x00, 0x00, 0x00, 0x00, 0x00, 0x09, 0xbc, 0x01, 0x00, 0x00,
  0xec, 0xf1, 0xff, 0xff, 0x08, 0x00, 0x00, 0x00, 0x08, 0x01, 0x00, 0x00,
  0x20, 0x00, 0x00, 0x00, 0x00, 0x00, 0x00, 0x00, 0x00, 0x00, 0x00, 0x00,
  0x00, 0x00, 0x00, 0x00, 0x00, 0x00, 0x00, 0x00, 0x00, 0x00, 0x00, 0x00,
  0x00, 0x00, 0x00, 0x00, 0x00, 0x00, 0x00, 0x00, 0x00, 0x00, 0x00, 0x00,
  0x00, 0x00, 0x00, 0x00, 0x00, 0x00, 0x00, 0x00, 0x00, 0x00, 0x00, 0x00,
  0x00, 0x00, 0x00, 0x00, 0x00, 0x00, 0x00, 0x00, 0x00, 0x00, 0x00, 0x00,
  0x00, 0x00, 0x00, 0x00, 0x00, 0x00, 0x00, 0x00, 0x00, 0x00, 0x00, 0x00,
  0x00, 0x00, 0x00, 0x00, 0x00, 0x00, 0x00, 0x00, 0x00, 0x00, 0x00, 0x00,
  0x00, 0x00, 0x00, 0x00, 0x00, 0x00, 0x00, 0x00, 0x00, 0x00, 0x00, 0x00,
  0x00, 0x00, 0x00, 0x00, 0x00, 0x00, 0x00, 0x00, 0x00, 0x00, 0x00, 0x00,
  0x00, 0x00, 0x00, 0x00, 0x00, 0x00, 0x00, 0x00, 0x00, 0x00, 0x00, 0x00,
  0x00, 0x00, 0x00, 0x00, 0x00, 0x00, 0x00, 0x00, 0x00, 0x00, 0x00, 0x00,
  0x00, 0x00, 0x00, 0x00, 0x00, 0x00, 0x00, 0x00, 0x00, 0x00, 0x00, 0x00,
  0x00, 0x00, 0x00, 0x00, 0x00, 0x00, 0x00, 0x00, 0x00, 0x00, 0x00, 0x00,
  0x00, 0x00, 0x00, 0x00, 0x00, 0x00, 0x00, 0x00, 0x00, 0x00, 0x00, 0x00,
  0x00, 0x00, 0x00, 0x00, 0x00, 0x00, 0x00, 0x00, 0x00, 0x00, 0x00, 0x00,
  0x00, 0x00, 0x00, 0x00, 0x00, 0x00, 0x00, 0x00, 0x00, 0x00, 0x00, 0x00,
  0x00, 0x00, 0x00, 0x00, 0x00, 0x00, 0x00, 0x00, 0x00, 0x00, 0x00, 0x00,
  0x00, 0x00, 0x00, 0x00, 0x00, 0x00, 0x00, 0x00, 0x00, 0x00, 0x00, 0x00,
  0x00, 0x00, 0x00, 0x00, 0x00, 0x00, 0x00, 0x00, 0x00, 0x00, 0x00, 0x00,
  0x00, 0x00, 0x00, 0x00, 0x00, 0x00, 0x00, 0x00, 0x00, 0x00, 0x00, 0x00,
  0x00, 0x00, 0x00, 0x00, 0x00, 0x00, 0x00, 0x00, 0x00, 0x00, 0x00, 0x00,
  0x00, 0x00, 0x00, 0x00, 0x00, 0x00, 0x00, 0x00, 0x20, 0x00, 0x00, 0x00,
  0x18, 0xe9, 0x15, 0x3b, 0x3c, 0x00, 0x15, 0x3b, 0xaa, 0x48, 0x0c, 0x3b,
  0xb8, 0xbc, 0x18, 0x3b, 0x60, 0x37, 0x11, 0x3b, 0xba, 0x54, 0x1f, 0x3b,
  0x8a, 0x07, 0x23, 0x3b, 0x36, 0x44, 0x1c, 0x3b, 0x61, 0x8f, 0x1e, 0x3b,
  0x70, 0x76, 0x02, 0x3b, 0x53, 0x19, 0x22, 0x3b, 0x85, 0x90, 0x20, 0x3b,
  0xf1, 0x66, 0x0a, 0x3b, 0x4b, 0x89, 0x2b, 0x3b, 0xd9, 0x70, 0x47, 0x3b,
  0x62, 0xaa, 0x11, 0x3b, 0x28, 0x1b, 0x19, 0x3b, 0xb2, 0xac, 0x0d, 0x3b,
  0x03, 0x10, 0x15, 0x3b, 0x52, 0x9a, 0x36, 0x3b, 0x50, 0xae, 0x12, 0x3b,
  0x74, 0xe8, 0x24, 0x3b, 0xa8, 0x62, 0x19, 0x3b, 0x67, 0xcb, 0x08, 0x3b,
  0x63, 0x1b, 0x11, 0x3b, 0x9d, 0xaf, 0x1c, 0x3b, 0xc2, 0x78, 0x16, 0x3b,
  0xf6, 0xae, 0x20, 0x3b, 0xcb, 0x09, 0x19, 0x3b, 0x6e, 0xca, 0x06, 0x3b,
  0xf3, 0x29, 0x14, 0x3b, 0x7f, 0xfe, 0x19, 0x3b, 0x1f, 0x00, 0x00, 0x00,
  0x66, 0x75, 0x6e, 0x63, 0x74, 0x69, 0x6f, 0x6e, 0x61, 0x6c, 0x5f, 0x31,
  0x5f, 0x31, 0x2f, 0x64, 0x65, 0x6e, 0x73, 0x65, 0x5f, 0x35, 0x5f, 0x31,
  0x2f, 0x4d, 0x61, 0x74, 0x4d, 0x75, 0x6c, 0x00, 0x02, 0x00, 0x00, 0x00,
  0x20, 0x00, 0x00, 0x00, 0x30, 0x00, 0x00, 0x00, 0xca, 0xf4, 0xff, 0xff,
  0x00, 0x00, 0x00, 0x01, 0x14, 0x00, 0x00, 0x00, 0xa8, 0x01, 0x00, 0x00,
  0x0f, 0x00, 0x00, 0x00, 0x00, 0x00, 0x00, 0x02, 0xe0, 0x01, 0x00, 0x00,
  0xcc, 0xf3, 0xff, 0xff, 0x08, 0x00, 0x00, 0x00, 0x0c, 0x01, 0x00, 0x00,
  0x20, 0x00, 0x00, 0x00, 0x00, 0x00, 0x00, 0x00, 0x00, 0x00, 0x00, 0x00,
  0x00, 0x00, 0x00, 0x00, 0x00, 0x00, 0x00, 0x00, 0x00, 0x00, 0x00, 0x00,
  0x00, 0x00, 0x00, 0x00, 0x00, 0x00, 0x00, 0x00, 0x00, 0x00, 0x00, 0x00,
  0x00, 0x00, 0x00, 0x00, 0x00, 0x00, 0x00, 0x00, 0x00, 0x00, 0x00, 0x00,
  0x00, 0x00, 0x00, 0x00, 0x00, 0x00, 0x00, 0x00, 0x00, 0x00, 0x00, 0x00,
  0x00, 0x00, 0x00, 0x00, 0x00, 0x00, 0x00, 0x00, 0x00, 0x00, 0x00, 0x00,
  0x00, 0x00, 0x00, 0x00, 0x00, 0x00, 0x00, 0x00, 0x00, 0x00, 0x00, 0x00,
  0x00, 0x00, 0x00, 0x00, 0x00, 0x00, 0x00, 0x00, 0x00, 0x00, 0x00, 0x00,
  0x00, 0x00, 0x00, 0x00, 0x00, 0x00, 0x00, 0x00, 0x00, 0x00, 0x00, 0x00,
  0x00, 0x00, 0x00, 0x00, 0x00, 0x00, 0x00, 0x00, 0x00, 0x00, 0x00, 0x00,
  0x00, 0x00, 0x00, 0x00, 0x00, 0x00, 0x00, 0x00, 0x00, 0x00, 0x00, 0x00,
  0x00, 0x00, 0x00, 0x00, 0x00, 0x00, 0x00, 0x00, 0x00, 0x00, 0x00, 0x00,
  0x00, 0x00, 0x00, 0x00, 0x00, 0x00, 0x00, 0x00, 0x00, 0x00, 0x00, 0x00,
  0x00, 0x00, 0x00, 0x00, 0x00, 0x00, 0x00, 0x00, 0x00, 0x00, 0x00, 0x00,
  0x00, 0x00, 0x00, 0x00, 0x00, 0x00, 0x00, 0x00, 0x00, 0x00, 0x00, 0x00,
  0x00, 0x00, 0x00, 0x00, 0x00, 0x00, 0x00, 0x00, 0x00, 0x00, 0x00, 0x00,
  0x00, 0x00, 0x00, 0x00, 0x00, 0x00, 0x00, 0x00, 0x00, 0x00, 0x00, 0x00,
  0x00, 0x00, 0x00, 0x00, 0x00, 0x00, 0x00, 0x00, 0x00, 0x00, 0x00, 0x00,
  0x00, 0x00, 0x00, 0x00, 0x00, 0x00, 0x00, 0x00, 0x00, 0x00, 0x00, 0x00,
  0x00, 0x00, 0x00, 0x00, 0x00, 0x00, 0x00, 0x00, 0x00, 0x00, 0x00, 0x00,
  0x00, 0x00, 0x00, 0x00, 0x00, 0x00, 0x00, 0x00, 0x00, 0x00, 0x00, 0x00,
  0x00, 0x00, 0x00, 0x00, 0x00, 0x00, 0x00, 0x00, 0x00, 0x00, 0x00, 0x00,
  0x20, 0x00, 0x00, 0x00, 0x73, 0xbd, 0x33, 0x38, 0x41, 0xa6, 0x32, 0x38,
  0xa4, 0x32, 0x28, 0x38, 0x10, 0x21, 0x37, 0x38, 0x9c, 0x1c, 0x2e, 0x38,
  0xf4, 0x08, 0x3f, 0x38, 0x2a, 0x78, 0x43, 0x38, 0x55, 0x5c, 0x3b, 0x38,
  0x56, 0x1c, 0x3e, 0x38, 0x21, 0x6c, 0x1c, 0x38, 0x8d, 0x5a, 0x42, 0x38,
  0x95, 0x83, 0x40, 0x38, 0x11, 0xf1, 0x25, 0x38, 0x41, 0xab, 0x4d, 0x38,
  0x3f, 0x20, 0x6f, 0x38, 0x81, 0xa6, 0x2e, 0x38, 0x4b, 0x92, 0x37, 0x38,
  0x84, 0xdd, 0x29, 0x38, 0x2c, 0xb9, 0x32, 0x38, 0x01, 0xf0, 0x5a, 0x38,
  0x27, 0xde, 0x2f, 0x38, 0xc6, 0xb8, 0x45, 0x38, 0x05, 0xe8, 0x37, 0x38,
  0xa3, 0x03, 0x24, 0x38, 0x0d, 0xfb, 0x2d, 0x38, 0x1b, 0xdd, 0x3b, 0x38,
  0xb3, 0x69, 0x34, 0x38, 0x15, 0xa8, 0x40, 0x38, 0x79, 0x7d, 0x37, 0x38,
  0x98, 0x9c, 0x21, 0x38, 0x55, 0xa5, 0x31, 0x38, 0xde, 0xa2, 0x38, 0x38,
  0x3e, 0x00, 0x00, 0x00, 0x66, 0x75, 0x6e, 0x63, 0x74, 0x69, 0x6f, 0x6e,
  0x61, 0x6c, 0x5f, 0x31, 0x5f, 0x31, 0x2f, 0x64, 0x65, 0x6e, 0x73, 0x65,
  0x5f, 0x35, 0x5f, 0x31, 0x2f, 0x52, 0x65, 0x6c, 0x75, 0x3b, 0x66, 0x75,
  0x6e, 0x63, 0x74, 0x69, 0x6f, 0x6e, 0x61, 0x6c, 0x5f, 0x31, 0x5f, 0x31,
  0x2f, 0x64, 0x65, 0x6e, 0x73, 0x65, 0x5f, 0x35, 0x5f, 0x31, 0x2f, 0x42,
  0x69, 0x61, 0x73, 0x41, 0x64, 0x64, 0x00, 0x00, 0x01, 0x00, 0x00, 0x00,
  0x20, 0x00, 0x00, 0x00, 0xca, 0xf6, 0xff, 0xff, 0x00, 0x00, 0x00, 0x01,
  0x14, 0x00, 0x00, 0x00, 0x84, 0x00, 0x00, 0x00, 0x0e, 0x00, 0x00, 0x00,
  0x00, 0x00, 0x00, 0x09, 0xa4, 0x00, 0x00, 0x00, 0xcc, 0xf5, 0xff, 0xff,
  0x08, 0x00, 0x00, 0x00, 0x48, 0x00, 0x00, 0x00, 0x08, 0x00, 0x00, 0x00,
  0x00, 0x00, 0x00, 0x00, 0x00, 0x00, 0x00, 0x00, 0x00, 0x00, 0x00, 0x00,
  0x00, 0x00, 0x00, 0x00, 0x00, 0x00, 0x00, 0x00, 0x00, 0x00, 0x00, 0x00,
  0x00, 0x00, 0x00, 0x00, 0x00, 0x00, 0x00, 0x00, 0x00, 0x00, 0x00, 0x00,
  0x00, 0x00, 0x00, 0x00, 0x00, 0x00, 0x00, 0x00, 0x00, 0x00, 0x00, 0x00,
  0x00, 0x00, 0x00, 0x00, 0x00, 0x00, 0x00, 0x00, 0x00, 0x00, 0x00, 0x00,
  0x00, 0x00, 0x00, 0x00, 0x08, 0x00, 0x00, 0x00, 0xff, 0x82, 0x21, 0x3b,
  0x4b, 0x4a, 0x12, 0x3b, 0x2f, 0x8b, 0x35, 0x3b, 0x88, 0x73, 0x0f, 0x3b,
  0xf7, 0x91, 0x1a, 0x3b, 0xee, 0x1b, 0x22, 0x3b, 0x50, 0x1a, 0x1b, 0x3b,
  0xcc, 0xfb, 0x19, 0x3b, 0x25, 0x00, 0x00, 0x00, 0x66, 0x75, 0x6e, 0x63,
  0x74, 0x69, 0x6f, 0x6e, 0x61, 0x6c, 0x5f, 0x31, 0x5f, 0x31, 0x2f, 0x63,
  0x6f, 0x6e, 0x76, 0x31, 0x64, 0x5f, 0x32, 0x5f, 0x31, 0x2f, 0x63, 0x6f,
  0x6e, 0x76, 0x6f, 0x6c, 0x75, 0x74, 0x69, 0x6f, 0x6e, 0x00, 0x00, 0x00,
  0x04, 0x00, 0x00, 0x00, 0x08, 0x00, 0x00, 0x00, 0x01, 0x00, 0x00, 0x00,
  0x05, 0x00, 0x00, 0x00, 0x06, 0x00, 0x00, 0x00, 0x9a, 0xf7, 0xff, 0xff,
  0x00, 0x00, 0x00, 0x01, 0x14, 0x00, 0x00, 0x00, 0x88, 0x00, 0x00, 0x00,
  0x0d, 0x00, 0x00, 0x00, 0x00, 0x00, 0x00, 0x02, 0x38, 0x01, 0x00, 0x00,
  0x9c, 0xf6, 0xff, 0xff, 0x08, 0x00, 0x00, 0x00, 0x4c, 0x00, 0x00, 0x00,
  0x08, 0x00, 0x00, 0x00, 0x00, 0x00, 0x00, 0x00, 0x00, 0x00, 0x00, 0x00,
  0x00, 0x00, 0x00, 0x00, 0x00, 0x00, 0x00, 0x00, 0x00, 0x00, 0x00, 0x00,
  0x00, 0x00, 0x00, 0x00, 0x00, 0x00, 0x00, 0x00, 0x00, 0x00, 0x00, 0x00,
  0x00, 0x00, 0x00, 0x00, 0x00, 0x00, 0x00, 0x00, 0x00, 0x00, 0x00, 0x00,
  0x00, 0x00, 0x00, 0x00, 0x00, 0x00, 0x00, 0x00, 0x00, 0x00, 0x00, 0x00,
  0x00, 0x00, 0x00, 0x00, 0x00, 0x00, 0x00, 0x00, 0x00, 0x00, 0x00, 0x00,
  0x08, 0x00, 0x00, 0x00, 0x00, 0x13, 0xf5, 0x39, 0x3b, 0xfa, 0xdd, 0x39,
  0x33, 0xbc, 0x09, 0x3a, 0x76, 0xab, 0xd9, 0x39, 0x93, 0x8a, 0xea, 0x39,
  0x0f, 0xfb, 0xf5, 0x39, 0x77, 0x59, 0xeb, 0x39, 0xb6, 0xa6, 0xe9, 0x39,
  0xb6, 0x00, 0x00, 0x00, 0x66, 0x75, 0x6e, 0x63, 0x74, 0x69, 0x6f, 0x6e,
  0x61, 0x6c, 0x5f, 0x31, 0x5f, 0x31, 0x2f, 0x63, 0x6f, 0x6e, 0x76, 0x31,
  0x64, 0x5f, 0x32, 0x5f, 0x31, 0x2f, 0x52, 0x65, 0x6c, 0x75, 0x3b, 0x66,
  0x75, 0x6e, 0x63, 0x74, 0x69, 0x6f, 0x6e, 0x61, 0x6c, 0x5f, 0x31, 0x5f,
  0x31, 0x2f, 0x63, 0x6f, 0x6e, 0x76, 0x31, 0x64, 0x5f, 0x32, 0x5f, 0x31,
  0x2f, 0x42, 0x69, 0x61, 0x73, 0x41, 0x64, 0x64, 0x3b, 0x66, 0x75, 0x6e,
  0x63, 0x74, 0x69, 0x6f, 0x6e, 0x61, 0x6c, 0x5f, 0x31, 0x5f, 0x31, 0x2f,
  0x63, 0x6f, 0x6e, 0x76, 0x31, 0x64, 0x5f, 0x32, 0x5f, 0x31, 0x2f, 0x63,
  0x6f, 0x6e, 0x76, 0x6f, 0x6c, 0x75, 0x74, 0x69, 0x6f, 0x6e, 0x2f, 0x53,
  0x71, 0x75, 0x65, 0x65, 0x7a, 0x65, 0x3b, 0x66, 0x75, 0x6e, 0x63, 0x74,
  0x69, 0x6f, 0x6e, 0x61, 0x6c, 0x5f, 0x31, 0x5f, 0x31, 0x2f, 0x63, 0x6f,
  0x6e, 0x76, 0x31, 0x64, 0x5f, 0x32, 0x5f, 0x31, 0x2f, 0x53, 0x71, 0x75,
  0x65, 0x65, 0x7a, 0x65, 0x3b, 0x66, 0x75, 0x6e, 0x63, 0x74, 0x69, 0x6f,
  0x6e, 0x61, 0x6c, 0x5f, 0x31, 0x5f, 0x31, 0x2f, 0x63, 0x6f, 0x6e, 0x76,
  0x31, 0x64, 0x5f, 0x32, 0x5f, 0x31, 0x2f, 0x63, 0x6f, 0x6e, 0x76, 0x6f,
  0x6c, 0x75, 0x74, 0x69, 0x6f, 0x6e, 0x00, 0x00, 0x01, 0x00, 0x00, 0x00,
  0x08, 0x00, 0x00, 0x00, 0xf2, 0xf8, 0xff, 0xff, 0x00, 0x00, 0x00, 0x01,
  0x14, 0x00, 0x00, 0x00, 0x84, 0x00, 0x00, 0x00, 0x0c, 0x00, 0x00, 0x00,
  0x00, 0x00, 0x00, 0x09, 0xa4, 0x00, 0x00, 0x00, 0xf4, 0xf7, 0xff, 0xff,
  0x08, 0x00, 0x00, 0x00, 0x48, 0x00, 0x00, 0x00, 0x08, 0x00, 0x00, 0x00,
  0x00, 0x00, 0x00, 0x00, 0x00, 0x00, 0x00, 0x00, 0x00, 0x00, 0x00, 0x00,
  0x00, 0x00, 0x00, 0x00, 0x00, 0x00, 0x00, 0x00, 0x00, 0x00, 0x00, 0x00,
  0x00, 0x00, 0x00, 0x00, 0x00, 0x00, 0x00, 0x00, 0x00, 0x00, 0x00, 0x00,
  0x00, 0x00, 0x00, 0x00, 0x00, 0x00, 0x00, 0x00, 0x00, 0x00, 0x00, 0x00,
  0x00, 0x00, 0x00, 0x00, 0x00, 0x00, 0x00, 0x00, 0x00, 0x00, 0x00, 0x00,
  0x00, 0x00, 0x00, 0x00, 0x08, 0x00, 0x00, 0x00, 0xf7, 0x34, 0x3a, 0x3b,
  0x97, 0xf4, 0x29, 0x3b, 0xdd, 0x3e, 0x2c, 0x3b, 0x79, 0x65, 0x37, 0x3b,
  0x9b, 0xec, 0x2e, 0x3b, 0x18, 0x50, 0x4d, 0x3b, 0xc4, 0x42, 0x54, 0x3b,
  0xd8, 0x01, 0x24, 0x3b, 0x25, 0x00, 0x00, 0x00, 0x66, 0x75, 0x6e, 0x63,
  0x74, 0x69, 0x6f, 0x6e, 0x61, 0x6c, 0x5f, 0x31, 0x5f, 0x31, 0x2f, 0x63,
  0x6f, 0x6e, 0x76, 0x31, 0x64, 0x5f, 0x33, 0x5f, 0x31, 0x2f, 0x63, 0x6f,
  0x6e, 0x76, 0x6f, 0x6c, 0x75, 0x74, 0x69, 0x6f, 0x6e, 0x00, 0x00, 0x00,
  0x04, 0x00, 0x00, 0x00, 0x08, 0x00, 0x00, 0x00, 0x01, 0x00, 0x00, 0x00,
  0x03, 0x00, 0x00, 0x00, 0x08, 0x00, 0x00, 0x00, 0xc2, 0xf9, 0xff, 0xff,
  0x00, 0x00, 0x00, 0x01, 0x14, 0x00, 0x00, 0x00, 0x88, 0x00, 0x00, 0x00,
  0x0b, 0x00, 0x00, 0x00, 0x00, 0x00, 0x00, 0x02, 0x38, 0x01, 0x00, 0x00,
  0xc4, 0xf8, 0xff, 0xff, 0x08, 0x00, 0x00, 0x00, 0x4c, 0x00, 0x00, 0x00,
  0x08, 0x00, 0x00, 0x00, 0x00, 0x00, 0x00, 0x00, 0x00, 0x00, 0x00, 0x00,
  0x00, 0x00, 0x00, 0x00, 0x00, 0x00, 0x00, 0x00, 0x00, 0x00, 0x00, 0x00,
  0x00, 0x00, 0x00, 0x00, 0x00, 0x00, 0x00, 0x00, 0x00, 0x00, 0x00, 0x00,
  0x00, 0x00, 0x00, 0x00, 0x00, 0x00, 0x00, 0x00, 0x00, 0x00, 0x00, 0x00,
  0x00, 0x00, 0x00, 0x00, 0x00, 0x00, 0x00, 0x00, 0x00, 0x00, 0x00, 0x00,
  0x00, 0x00, 0x00, 0x00, 0x00, 0x00, 0x00, 0x00, 0x00, 0x00, 0x00, 0x00,
  0x08, 0x00, 0x00, 0x00, 0x32, 0x1d, 0x56, 0x39, 0x4c, 0x6d, 0x43, 0x39,
  0x70, 0x0f, 0x46, 0x39, 0xdf, 0xe1, 0x52, 0x39, 0xf4, 0x23, 0x49, 0x39,
  0x5d, 0x15, 0x6c, 0x39, 0x9c, 0x12, 0x74, 0x39, 0x55, 0x96, 0x3c, 0x39,
  0xb6, 0x00, 0x00, 0x00, 0x66, 0x75, 0x6e, 0x63, 0x74, 0x69, 0x6f, 0x6e,
  0x61, 0x6c, 0x5f, 0x31, 0x5f, 0x31, 0x2f, 0x63, 0x6f, 0x6e, 0x76, 0x31,
  0x64, 0x5f, 0x33, 0x5f, 0x31, 0x2f, 0x52, 0x65, 0x6c, 0x75, 0x3b, 0x66,
  0x75, 0x6e, 0x63, 0x74, 0x69, 0x6f, 0x6e, 0x61, 0x6c, 0x5f, 0x31, 0x5f,
  0x31, 0x2f, 0x63, 0x6f, 0x6e, 0x76, 0x31, 0x64, 0x5f, 0x33, 0x5f, 0x31,
  0x2f, 0x42, 0x69, 0x61, 0x73, 0x41, 0x64, 0x64, 0x3b, 0x66, 0x75, 0x6e,
  0x63, 0x74, 0x69, 0x6f, 0x6e, 0x61, 0x6c, 0x5f, 0x31, 0x5f, 0x31, 0x2f,
  0x63, 0x6f, 0x6e, 0x76, 0x31, 0x64, 0x5f, 0x33, 0x5f, 0x31, 0x2f, 0x63,
  0x6f, 0x6e, 0x76, 0x6f, 0x6c, 0x75, 0x74, 0x69, 0x6f, 0x6e, 0x2f, 0x53,
  0x71, 0x75, 0x65, 0x65, 0x7a, 0x65, 0x3b, 0x66, 0x75, 0x6e, 0x63, 0x74,
  0x69, 0x6f, 0x6e, 0x61, 0x6c, 0x5f, 0x31, 0x5f, 0x31, 0x2f, 0x63, 0x6f,
  0x6e, 0x76, 0x31, 0x64, 0x5f, 0x33, 0x5f, 0x31, 0x2f, 0x53, 0x71, 0x75,
  0x65, 0x65, 0x7a, 0x65, 0x3b, 0x66, 0x75, 0x6e, 0x63, 0x74, 0x69, 0x6f,
  0x6e, 0x61, 0x6c, 0x5f, 0x31, 0x5f, 0x31, 0x2f, 0x63, 0x6f, 0x6e, 0x76,
  0x31, 0x64, 0x5f, 0x33, 0x5f, 0x31, 0x2f, 0x63, 0x6f, 0x6e, 0x76, 0x6f,
  0x6c, 0x75, 0x74, 0x69, 0x6f, 0x6e, 0x00, 0x00, 0x01, 0x00, 0x00, 0x00,
  0x08, 0x00, 0x00, 0x00, 0x1a, 0xfb, 0xff, 0xff, 0x00, 0x00, 0x00, 0x01,
  0x14, 0x00, 0x00, 0x00, 0x44, 0x01, 0x00, 0x00, 0x0a, 0x00, 0x00, 0x00,
  0x00, 0x00, 0x00, 0x09, 0x5c, 0x01, 0x00, 0x00, 0x1c, 0xfa, 0xff, 0xff,
  0x08, 0x00, 0x00, 0x00, 0xc8, 0x00, 0x00, 0x00, 0x18, 0x00, 0x00, 0x00,
  0x00, 0x00, 0x00, 0x00, 0x00, 0x00, 0x00, 0x00, 0x00, 0x00, 0x00, 0x00,
  0x00, 0x00, 0x00, 0x00, 0x00, 0x00, 0x00, 0x00, 0x00, 0x00, 0x00, 0x00,
  0x00, 0x00, 0x00, 0x00, 0x00, 0x00, 0x00, 0x00, 0x00, 0x00, 0x00, 0x00,
  0x00, 0x00, 0x00, 0x00, 0x00, 0x00, 0x00, 0x00, 0x00, 0x00, 0x00, 0x00,
  0x00, 0x00, 0x00, 0x00, 0x00, 0x00, 0x00, 0x00, 0x00, 0x00, 0x00, 0x00,
  0x00, 0x00, 0x00, 0x00, 0x00, 0x00, 0x00, 0x00, 0x00, 0x00, 0x00, 0x00,
  0x00, 0x00, 0x00, 0x00, 0x00, 0x00, 0x00, 0x00, 0x00, 0x00, 0x00, 0x00,
  0x00, 0x00, 0x00, 0x00, 0x00, 0x00, 0x00, 0x00, 0x00, 0x00, 0x00, 0x00,
  0x00, 0x00, 0x00, 0x00, 0x00, 0x00, 0x00, 0x00, 0x00, 0x00, 0x00, 0x00,
  0x00, 0x00, 0x00, 0x00, 0x00, 0x00, 0x00, 0x00, 0x00, 0x00, 0x00, 0x00,
  0x00, 0x00, 0x00, 0x00, 0x00, 0x00, 0x00, 0x00, 0x00, 0x00, 0x00, 0x00,
  0x00, 0x00, 0x00, 0x00, 0x00, 0x00, 0x00, 0x00, 0x00, 0x00, 0x00, 0x00,
  0x00, 0x00, 0x00, 0x00, 0x00, 0x00, 0x00, 0x00, 0x00, 0x00, 0x00, 0x00,
  0x00, 0x00, 0x00, 0x00, 0x00, 0x00, 0x00, 0x00, 0x00, 0x00, 0x00, 0x00,
  0x00, 0x00, 0x00, 0x00, 0x00, 0x00, 0x00, 0x00, 0x00, 0x00, 0x00, 0x00,
  0x00, 0x00, 0x00, 0x00, 0x00, 0x00, 0x00, 0x00, 0x00, 0x00, 0x00, 0x00,
  0x18, 0x00, 0x00, 0x00, 0xf9, 0xad, 0x1e, 0x3b, 0xd8, 0xbf, 0x75, 0x3b,
  0xe8, 0x0a, 0x28, 0x3b, 0xa6, 0x4f, 0x33, 0x3b, 0x24, 0x85, 0x3b, 0x3b,
  0x23, 0xd2, 0x23, 0x3b, 0x1c, 0xad, 0x15, 0x3b, 0xd3, 0xfb, 0x10, 0x3b,
  0x5e, 0x0a, 0x2b, 0x3b, 0xb4, 0xf1, 0x37, 0x3b, 0xd9, 0x3d, 0x0a, 0x3b,
  0xe8, 0x05, 0x41, 0x3b, 0xd2, 0x63, 0x1a, 0x3b, 0x75, 0x06, 0x4b, 0x3b,
  0x24, 0x1d, 0x59, 0x3b, 0x83, 0x42, 0x22, 0x3b, 0xbd, 0x58, 0x5a, 0x3b,
  0x9c, 0xf9, 0x26, 0x3b, 0x28, 0x28, 0x24, 0x3b, 0x96, 0xe1, 0x17, 0x3b,
  0x95, 0x29, 0x1e, 0x3b, 0xdc, 0x4e, 0x35, 0x3b, 0xbe, 0x17, 0x2e, 0x3b,
  0x91, 0x83, 0x28, 0x3b, 0x1f, 0x00, 0x00, 0x00, 0x66, 0x75, 0x6e, 0x63,
  0x74, 0x69, 0x6f, 0x6e, 0x61, 0x6c, 0x5f, 0x31, 0x5f, 0x31, 0x2f, 0x64,
  0x65, 0x6e, 0x73, 0x65, 0x5f, 0x36, 0x5f, 0x31, 0x2f, 0x4d, 0x61, 0x74,
  0x4d, 0x75, 0x6c, 0x00, 0x02, 0x00, 0x00, 0x00, 0x18, 0x00, 0x00, 0x00,
  0x28, 0x00, 0x00, 0x00, 0x9a, 0xfc, 0xff, 0xff, 0x00, 0x00, 0x00, 0x01,
  0x14, 0x00, 0x00, 0x00, 0x48, 0x01, 0x00, 0x00, 0x09, 0x00, 0x00, 0x00,
  0x00, 0x00, 0x00, 0x02, 0x80, 0x01, 0x00, 0x00, 0x9c, 0xfb, 0xff, 0xff,
  0x08, 0x00, 0x00, 0x00, 0xcc, 0x00, 0x00, 0x00, 0x18, 0x00, 0x00, 0x00,
  0x00, 0x00, 0x00, 0x00, 0x00, 0x00, 0x00, 0x00, 0x00, 0x00, 0x00, 0x00,
  0x00, 0x00, 0x00, 0x00, 0x00, 0x00, 0x00, 0x00, 0x00, 0x00, 0x00, 0x00,
  0x00, 0x00, 0x00, 0x00, 0x00, 0x00, 0x00, 0x00, 0x00, 0x00, 0x00, 0x00,
  0x00, 0x00, 0x00, 0x00, 0x00, 0x00, 0x00, 0x00, 0x00, 0x00, 0x00, 0x00,
  0x00, 0x00, 0x00, 0x00, 0x00, 0x00, 0x00, 0x00, 0x00, 0x00, 0x00, 0x00,
  0x00, 0x00, 0x00, 0x00, 0x00, 0x00, 0x00, 0x00, 0x00, 0x00, 0x00, 0x00,
  0x00, 0x00, 0x00, 0x00, 0x00, 0x00, 0x00, 0x00, 0x00, 0x00, 0x00, 0x00,
  0x00, 0x00, 0x00, 0x00, 0x00, 0x00, 0x00, 0x00, 0x00, 0x00, 0x00, 0x00,
  0x00, 0x00, 0x00, 0x00, 0x00, 0x00, 0x00, 0x00, 0x00, 0x00, 0x00, 0x00,
  0x00, 0x00, 0x00, 0x00, 0x00, 0x00, 0x00, 0x00, 0x00, 0x00, 0x00, 0x00,
  0x00, 0x00, 0x00, 0x00, 0x00, 0x00, 0x00, 0x00, 0x00, 0x00, 0x00, 0x00,
  0x00, 0x00, 0x00, 0x00, 0x00, 0x00, 0x00, 0x00, 0x00, 0x00, 0x00, 0x00,
  0x00, 0x00, 0x00, 0x00, 0x00, 0x00, 0x00, 0x00, 0x00, 0x00, 0x00, 0x00,
  0x00, 0x00, 0x00, 0x00, 0x00, 0x00, 0x00, 0x00, 0x00, 0x00, 0x00, 0x00,
  0x00, 0x00, 0x00, 0x00, 0x00, 0x00, 0x00, 0x00, 0x00, 0x00, 0x00, 0x00,
  0x00, 0x00, 0x00, 0x00, 0x00, 0x00, 0x00, 0x00, 0x00, 0x00, 0x00, 0x00,
  0x00, 0x00, 0x00, 0x00, 0x18, 0x00, 0x00, 0x00, 0x53, 0x9b, 0x80, 0x38,
  0xd5, 0x2c, 0xc7, 0x38, 0xfe, 0x31, 0x88, 0x38, 0x05, 0x54, 0x91, 0x38,
  0x3d, 0xfb, 0x97, 0x38, 0x0c, 0xc6, 0x84, 0x38, 0x8d, 0x9e, 0x72, 0x38,
  0x51, 0x03, 0x6b, 0x38, 0x01, 0xa0, 0x8a, 0x38, 0x4b, 0x15, 0x95, 0x38,
  0x93, 0x15, 0x60, 0x38, 0x04, 0x71, 0x9c, 0x38, 0x95, 0x42, 0x7a, 0x38,
  0x4b, 0x8c, 0xa4, 0x38, 0x70, 0xf7, 0xaf, 0x38, 0x29, 0x82, 0x83, 0x38,
  0x3a, 0xf7, 0xb0, 0x38, 0x7d, 0x54, 0x87, 0x38, 0xc4, 0x0b, 0x85, 0x38,
  0x8c, 0x31, 0x76, 0x38, 0x06, 0x30, 0x80, 0x38, 0x58, 0xf2, 0x92, 0x38,
  0x4b, 0x19, 0x8d, 0x38, 0xc9, 0x93, 0x88, 0x38, 0x3e, 0x00, 0x00, 0x00,
  0x66, 0x75, 0x6e, 0x63, 0x74, 0x69, 0x6f, 0x6e, 0x61, 0x6c, 0x5f, 0x31,
  0x5f, 0x31, 0x2f, 0x64, 0x65, 0x6e, 0x73, 0x65, 0x5f, 0x36, 0x5f, 0x31,
  0x2f, 0x52, 0x65, 0x6c, 0x75, 0x3b, 0x66, 0x75, 0x6e, 0x63, 0x74, 0x69,
  0x6f, 0x6e, 0x61, 0x6c, 0x5f, 0x31, 0x5f, 0x31, 0x2f, 0x64, 0x65, 0x6e,
  0x73, 0x65, 0x5f, 0x36, 0x5f, 0x31, 0x2f, 0x42, 0x69, 0x61, 0x73, 0x41,
  0x64, 0x64, 0x00, 0x00, 0x01, 0x00, 0x00, 0x00, 0x18, 0x00, 0x00, 0x00,
  0x3a, 0xfe, 0xff, 0xff, 0x00, 0x00, 0x00, 0x01, 0x14, 0x00, 0x00, 0x00,
  0x3c, 0x00, 0x00, 0x00, 0x08, 0x00, 0x00, 0x00, 0x00, 0x00, 0x00, 0x09,
  0x54, 0x00, 0x00, 0x00, 0x3c, 0xfd, 0xff, 0xff, 0x08, 0x00, 0x00, 0x00,
  0x18, 0x00, 0x00, 0x00, 0x02, 0x00, 0x00, 0x00, 0x00, 0x00, 0x00, 0x00,
  0x00, 0x00, 0x00, 0x00, 0x00, 0x00, 0x00, 0x00, 0x00, 0x00, 0x00, 0x00,
  0x02, 0x00, 0x00, 0x00, 0x8e, 0xa6, 0x8c, 0x3b, 0x82, 0x2e, 0x80, 0x3b,
  0x1f, 0x00, 0x00, 0x00, 0x66, 0x75, 0x6e, 0x63, 0x74, 0x69, 0x6f, 0x6e,
  0x61, 0x6c, 0x5f, 0x31, 0x5f, 0x31, 0x2f, 0x64, 0x65, 0x6e, 0x73, 0x65,
  0x5f, 0x37, 0x5f, 0x31, 0x2f, 0x4d, 0x61, 0x74, 0x4d, 0x75, 0x6c, 0x00,
  0x02, 0x00, 0x00, 0x00, 0x02, 0x00, 0x00, 0x00, 0x18, 0x00, 0x00, 0x00,
  0xb2, 0xfe, 0xff, 0xff, 0x00, 0x00, 0x00, 0x01, 0x14, 0x00, 0x00, 0x00,
  0x40, 0x00, 0x00, 0x00, 0x07, 0x00, 0x00, 0x00, 0x00, 0x00, 0x00, 0x02,
  0x5c, 0x00, 0x00, 0x00, 0xb4, 0xfd, 0xff, 0xff, 0x08, 0x00, 0x00, 0x00,
  0x1c, 0x00, 0x00, 0x00, 0x02, 0x00, 0x00, 0x00, 0x00, 0x00, 0x00, 0x00,
  0x00, 0x00, 0x00, 0x00, 0x00, 0x00, 0x00, 0x00, 0x00, 0x00, 0x00, 0x00,
  0x00, 0x00, 0x00, 0x00, 0x02, 0x00, 0x00, 0x00, 0x3f, 0x1e, 0xde, 0x38,
  0x4e, 0x6d, 0xca, 0x38, 0x20, 0x00, 0x00, 0x00, 0x66, 0x75, 0x6e, 0x63,
  0x74, 0x69, 0x6f, 0x6e, 0x61, 0x6c, 0x5f, 0x31, 0x5f, 0x31, 0x2f, 0x64,
  0x65, 0x6e, 0x73, 0x65, 0x5f, 0x37, 0x5f, 0x31, 0x2f, 0x42, 0x69, 0x61,
  0x73, 0x41, 0x64, 0x64, 0x00, 0x00, 0x00, 0x00, 0x01, 0x00, 0x00, 0x00,
  0x02, 0x00, 0x00, 0x00, 0x2e, 0xff, 0xff, 0xff, 0x00, 0x00, 0x00, 0x01,
  0x14, 0x00, 0x00, 0x00, 0x14, 0x00, 0x00, 0x00, 0x06, 0x00, 0x00, 0x00,
  0x00, 0x00, 0x00, 0x02, 0x1c, 0x00, 0x00, 0x00, 0x18, 0xff, 0xff, 0xff,
  0x0e, 0x00, 0x00, 0x00, 0x61, 0x72, 0x69, 0x74, 0x68, 0x2e, 0x63, 0x6f,
  0x6e, 0x73, 0x74, 0x61, 0x6e, 0x74, 0x00, 0x00, 0x01, 0x00, 0x00, 0x00,
  0x03, 0x00, 0x00, 0x00, 0x6a, 0xff, 0xff, 0xff, 0x00, 0x00, 0x00, 0x01,
  0x14, 0x00, 0x00, 0x00, 0x14, 0x00, 0x00, 0x00, 0x05, 0x00, 0x00, 0x00,
  0x00, 0x00, 0x00, 0x02, 0x1c, 0x00, 0x00, 0x00, 0x54, 0xff, 0xff, 0xff,
  0x0f, 0x00, 0x00, 0x00, 0x61, 0x72, 0x69, 0x74, 0x68, 0x2e, 0x63, 0x6f,
  0x6e, 0x73, 0x74, 0x61, 0x6e, 0x74, 0x32, 0x00, 0x00, 0x00, 0x00, 0x00,
  0xa2, 0xff, 0xff, 0xff, 0x00, 0x00, 0x00, 0x01, 0x14, 0x00, 0x00, 0x00,
  0x14, 0x00, 0x00, 0x00, 0x04, 0x00, 0x00, 0x00, 0x00, 0x00, 0x00, 0x02,
  0x3c, 0x00, 0x00, 0x00, 0x8c, 0xff, 0xff, 0xff, 0x2d, 0x00, 0x00, 0x00,
  0x66, 0x75, 0x6e, 0x63, 0x74, 0x69, 0x6f, 0x6e, 0x61, 0x6c, 0x5f, 0x31,
  0x5f, 0x31, 0x2f, 0x63, 0x6f, 0x6e, 0x76, 0x31, 0x64, 0x5f, 0x32, 0x5f,
  0x31, 0x2f, 0x63, 0x6f, 0x6e, 0x76, 0x6f, 0x6c, 0x75, 0x74, 0x69, 0x6f,
  0x6e, 0x2f, 0x53, 0x71, 0x75, 0x65, 0x65, 0x7a, 0x65, 0x00, 0x00, 0x00,
  0x01, 0x00, 0x00, 0x00, 0x03, 0x00, 0x00, 0x00, 0x00, 0x00, 0x16, 0x00,
  0x1c, 0x00, 0x18, 0x00, 0x17, 0x00, 0x10, 0x00, 0x0c, 0x00, 0x08, 0x00,
  0x00, 0x00, 0x00, 0x00, 0x00, 0x00, 0x07, 0x00, 0x16, 0x00, 0x00, 0x00,
  0x00, 0x00, 0x00, 0x01, 0x18, 0x00, 0x00, 0x00, 0x18, 0x00, 0x00, 0x00,
  0x03, 0x00, 0x00, 0x00, 0x00, 0x00, 0x00, 0x02, 0x20, 0x00, 0x00, 0x00,
  0x04, 0x00, 0x04, 0x00, 0x04, 0x00, 0x00, 0x00, 0x0f, 0x00, 0x00, 0x00,
  0x61, 0x72, 0x69, 0x74, 0x68, 0x2e, 0x63, 0x6f, 0x6e, 0x73, 0x74, 0x61,
  0x6e, 0x74, 0x31, 0x00, 0x00, 0x00, 0x00, 0x00, 0x7e, 0xff, 0xff, 0xff,
  0x00, 0x00, 0x00, 0x01, 0x18, 0x00, 0x00, 0x00, 0x20, 0x00, 0x00, 0x00,
  0x40, 0x00, 0x00, 0x00, 0x02, 0x00, 0x00, 0x00, 0x00, 0x00, 0x00, 0x09,
  0x58, 0x00, 0x00, 0x00, 0x02, 0x00, 0x00, 0x00, 0xff, 0xff, 0xff, 0xff,
  0x32, 0x00, 0x00, 0x00, 0x64, 0xff, 0xff, 0xff, 0x08, 0x00, 0x00, 0x00,
  0x14, 0x00, 0x00, 0x00, 0x01, 0x00, 0x00, 0x00, 0xcb, 0xff, 0xff, 0xff,
  0xff, 0xff, 0xff, 0xff, 0x00, 0x00, 0x00, 0x00, 0x01, 0x00, 0x00, 0x00,
  0x33, 0xd1, 0x6a, 0x3d, 0x1c, 0x00, 0x00, 0x00, 0x73, 0x65, 0x72, 0x76,
  0x69, 0x6e, 0x67, 0x5f, 0x64, 0x65, 0x66, 0x61, 0x75, 0x6c, 0x74, 0x5f,
  0x73, 0x74, 0x61, 0x74, 0x5f, 0x69, 0x6e, 0x70, 0x75, 0x74, 0x3a, 0x30,
  0x00, 0x00, 0x00, 0x00, 0x02, 0x00, 0x00, 0x00, 0x01, 0x00, 0x00, 0x00,
  0x32, 0x00, 0x00, 0x00, 0x00, 0x00, 0x16, 0x00, 0x20, 0x00, 0x1c, 0x00,
  0x1b, 0x00, 0x14, 0x00, 0x10, 0x00, 0x0c, 0x00, 0x00, 0x00, 0x00, 0x00,
  0x08, 0x00, 0x07, 0x00, 0x16, 0x00, 0x00, 0x00, 0x00, 0x00, 0x00, 0x01,
  0x18, 0x00, 0x00, 0x00, 0x30, 0x00, 0x00, 0x00, 0x50, 0x00, 0x00, 0x00,
  0x01, 0x00, 0x00, 0x00, 0x00, 0x00, 0x00, 0x09, 0x64, 0x00, 0x00, 0x00,
  0x03, 0x00, 0x00, 0x00, 0xff, 0xff, 0xff, 0xff, 0x32, 0x00, 0x00, 0x00,
  0x06, 0x00, 0x00, 0x00, 0x0c, 0x00, 0x0c, 0x00, 0x00, 0x00, 0x00, 0x00,
  0x08, 0x00, 0x04, 0x00, 0x0c, 0x00, 0x00, 0x00, 0x08, 0x00, 0x00, 0x00,
  0x14, 0x00, 0x00, 0x00, 0x01, 0x00, 0x00, 0x00, 0xfa, 0xff, 0xff, 0xff,
  0xff, 0xff, 0xff, 0xff, 0x00, 0x00, 0x00, 0x00, 0x01, 0x00, 0x00, 0x00,
  0x6d, 0x39, 0x42, 0x3e, 0x1a, 0x00, 0x00, 0x00, 0x73, 0x65, 0x72, 0x76,
  0x69, 0x6e, 0x67, 0x5f, 0x64, 0x65, 0x66, 0x61, 0x75, 0x6c, 0x74, 0x5f,
  0x74, 0x73, 0x5f, 0x69, 0x6e, 0x70, 0x75, 0x74, 0x3a, 0x30, 0x00, 0x00,
  0x03, 0x00, 0x00, 0x00, 0x01, 0x00, 0x00, 0x00, 0x32, 0x00, 0x00, 0x00,
  0x06, 0x00, 0x00, 0x00, 0x08, 0x00, 0x00, 0x00, 0xa0, 0x00, 0x00, 0x00,
  0x84, 0x00, 0x00, 0x00, 0x64, 0x00, 0x00, 0x00, 0x54, 0x00, 0x00, 0x00,
  0x40, 0x00, 0x00, 0x00, 0x2c, 0x00, 0x00, 0x00, 0x18, 0x00, 0x00, 0x00,
  0x04, 0x00, 0x00, 0x00, 0x8c, 0xff, 0xff, 0xff, 0x19, 0x00, 0x00, 0x00,
  0x02, 0x00, 0x00, 0x00, 0x00, 0x00, 0x00, 0x19, 0x9c, 0xff, 0xff, 0xff,
  0x02, 0x00, 0x00, 0x00, 0x02, 0x00, 0x00, 0x00, 0x00, 0x00, 0x00, 0x02,
  0xac, 0xff, 0xff, 0xff, 0x28, 0x00, 0x00, 0x00, 0x02, 0x00, 0x00, 0x00,
  0x00, 0x00, 0x00, 0x28, 0xbc, 0xff, 0xff, 0xff, 0x11, 0x00, 0x00, 0x00,
  0x02, 0x00, 0x00, 0x00, 0x00, 0x00, 0x00, 0x11, 0xe4, 0xff, 0xff, 0xff,
  0x16, 0x00, 0x00, 0x00, 0x00, 0x00, 0x00, 0x16, 0xd8, 0xff, 0xff, 0xff,
  0x03, 0x00, 0x00, 0x00, 0x03, 0x00, 0x00, 0x00, 0x00, 0x00, 0x00, 0x03,
  0x0c, 0x00, 0x0c, 0x00, 0x0b, 0x00, 0x00, 0x00, 0x00, 0x00, 0x04, 0x00,
  0x0c, 0x00, 0x00, 0x00, 0x46, 0x00, 0x00, 0x00, 0x00, 0x00, 0x00, 0x46,
  0x0c, 0x00, 0x10, 0x00, 0x0f, 0x00, 0x00, 0x00, 0x08, 0x00, 0x04, 0x00,
  0x0c, 0x00, 0x00, 0x00, 0x09, 0x00, 0x00, 0x00, 0x04, 0x00, 0x00, 0x00,
  0x00, 0x00, 0x00, 0x09,
};
const unsigned int g_model_data_len = 16288;
